municipio,atividade,abertura,fechamento,status,porte,anoAbertura,mesAbertura,diaAbertura,anoFechamento,mesFechamento,diaFechamento
Acauã,serviços,2016-01-21,,ativa,me,2016,1,21,,,
Agricolândia,comércio,2021-06-22,,ativa,me,2021,6,22,,,
Água Branca,construção,2020-12-17,,ativa,pequeno,2020,12,17,,,
Alagoinha do Piauí,saúde,2006-05-20,2018-06-04,inativa,me,2006,5,20,2018.0,6.0,4.0
Alegrete do Piauí,atividades técnicas,2018-12-14,,inativa,mei,2018,12,14,,,
Alto Longá,beleza,2010-05-23,,ativa,mei,2010,5,23,,,
Altos,beleza,2009-01-19,2022-05-27,ativa,me,2009,1,19,2022.0,5.0,27.0
Alvorada do Gurguéia,comércio,2002-04-28,,inativa,médio/grande,2002,4,28,,,
Amarante,saúde,2002-03-17,,ativa,mei,2002,3,17,,,
Angical do Piauí,comércio,2010-10-26,,ativa,me,2010,10,26,,,
Anísio de Abreu,saúde,2004-08-13,,inativa,médio/grande,2004,8,13,,,
Antônio Almeida,serviços,2008-07-18,2020-05-12,inativa,me,2008,7,18,2020.0,5.0,12.0
Aroazes,serviços,2021-03-11,,ativa,mei,2021,3,11,,,
Aroeiras do Itaim,saúde,2001-10-03,2020-03-02,inativa,me,2001,10,3,2020.0,3.0,2.0
Arraial,serviços,2006-11-15,,inativa,mei,2006,11,15,,,
Assunção do Piauí,comércio,2018-05-28,,inativa,médio/grande,2018,5,28,,,
Avelino Lopes,construção,2001-08-17,2016-05-12,inativa,me,2001,8,17,2016.0,5.0,12.0
Baixa Grande do Ribeiro,beleza,2012-03-29,,inativa,me,2012,3,29,,,
Barra d'Alcântara,atividades técnicas,2001-10-20,,inativa,me,2001,10,20,,,
Barras,serviços,2000-09-03,2005-10-08,ativa,pequeno,2000,9,3,2005.0,10.0,8.0
Barro Duro,construção,2022-09-05,2007-05-16,ativa,me,2022,9,5,2007.0,5.0,16.0
Batalha,beleza,2015-06-23,,inativa,mei,2015,6,23,,,
Bela Vista do Piauí,serviços,2012-03-05,,inativa,mei,2012,3,5,,,
Belém do Piauí,construção,2002-11-02,,inativa,me,2002,11,2,,,
Beneditinos,atividades administrativas,2019-07-05,2016-09-21,inativa,pequeno,2019,7,5,2016.0,9.0,21.0
Bertolínia,construção,2018-12-08,2002-01-29,ativa,me,2018,12,8,2002.0,1.0,29.0
Betânia do Piauí,serviços,2018-05-14,2018-05-19,inativa,me,2018,5,14,2018.0,5.0,19.0
Boa Hora,atividades administrativas,2002-07-04,,ativa,me,2002,7,4,,,
Bocaina,serviços,2006-05-21,2020-05-16,ativa,mei,2006,5,21,2020.0,5.0,16.0
Bom Jesus,saúde,2006-03-03,,ativa,mei,2006,3,3,,,
Bom Princípio do Piauí,construção,2021-10-06,,inativa,pequeno,2021,10,6,,,
Bonfim do Piauí,comércio,2016-05-18,,ativa,mei,2016,5,18,,,
Boqueirão do Piauí,beleza,2022-06-25,2002-06-06,ativa,médio/grande,2022,6,25,2002.0,6.0,6.0
Brasileira,comércio,2012-08-12,,inativa,me,2012,8,12,,,
Brejo do Piauí,comércio,2009-08-18,2020-07-07,inativa,pequeno,2009,8,18,2020.0,7.0,7.0
Buriti dos Lopes,atividades administrativas,2001-03-20,2022-03-28,ativa,me,2001,3,20,2022.0,3.0,28.0
Buriti dos Montes,comércio,2012-08-20,,inativa,me,2012,8,20,,,
Cabeceiras do Piauí,atividades administrativas,2022-06-14,,ativa,médio/grande,2022,6,14,,,
Cajazeiras do Piauí,serviços,2000-07-16,2010-05-04,inativa,me,2000,7,16,2010.0,5.0,4.0
Cajueiro da Praia,serviços,2000-11-18,2003-06-08,inativa,médio/grande,2000,11,18,2003.0,6.0,8.0
Caldeirão Grande do Piauí,construção,2006-06-30,,inativa,pequeno,2006,6,30,,,
Campinas do Piauí,atividades técnicas,2022-11-12,,ativa,me,2022,11,12,,,
Campo Alegre do Fidalgo,atividades administrativas,2003-01-29,,ativa,me,2003,1,29,,,
Campo Grande do Piauí,atividades administrativas,2018-06-22,,inativa,médio/grande,2018,6,22,,,
Campo Largo do Piauí,atividades administrativas,2005-02-05,,inativa,médio/grande,2005,2,5,,,
Campo Maior,construção,2006-11-13,2018-09-19,inativa,me,2006,11,13,2018.0,9.0,19.0
Canavieira,beleza,2015-09-04,,ativa,médio/grande,2015,9,4,,,
Canto do Buriti,comércio,2020-08-11,,inativa,me,2020,8,11,,,
Capitão de Campos,saúde,2014-01-16,2003-06-29,inativa,pequeno,2014,1,16,2003.0,6.0,29.0
Capitão Gervásio Oliveira,comércio,2015-05-21,2011-05-26,inativa,me,2015,5,21,2011.0,5.0,26.0
Caracol,comércio,2007-09-25,,inativa,mei,2007,9,25,,,
Caraúbas do Piauí,beleza,2003-06-06,2010-04-15,ativa,mei,2003,6,6,2010.0,4.0,15.0
Caridade do Piauí,beleza,2018-03-31,,ativa,pequeno,2018,3,31,,,
Castelo do Piauí,atividades administrativas,2001-06-19,,ativa,pequeno,2001,6,19,,,
Caxingó,saúde,2010-01-27,2016-01-09,ativa,médio/grande,2010,1,27,2016.0,1.0,9.0
Cocal,atividades administrativas,2014-04-01,2001-02-26,inativa,me,2014,4,1,2001.0,2.0,26.0
Cocal de Telha,comércio,2003-05-08,,inativa,pequeno,2003,5,8,,,
Cocal dos Alves,atividades administrativas,2004-01-22,,ativa,pequeno,2004,1,22,,,
Coivaras,serviços,2015-11-14,2021-07-19,inativa,médio/grande,2015,11,14,2021.0,7.0,19.0
Colônia do Gurguéia,comércio,2009-08-04,2010-07-23,ativa,mei,2009,8,4,2010.0,7.0,23.0
Colônia do Piauí,saúde,2012-09-03,,ativa,me,2012,9,3,,,
Conceição do Canindé,comércio,2018-12-18,2007-09-04,ativa,mei,2018,12,18,2007.0,9.0,4.0
Coronel José Dias,comércio,2010-03-11,2021-12-17,ativa,me,2010,3,11,2021.0,12.0,17.0
Corrente,comércio,2004-01-06,,ativa,médio/grande,2004,1,6,,,
Cristalândia do Piauí,serviços,2008-03-04,,inativa,pequeno,2008,3,4,,,
Cristino Castro,saúde,2001-05-01,,ativa,mei,2001,5,1,,,
Curimatá,comércio,2002-01-04,2003-01-10,inativa,pequeno,2002,1,4,2003.0,1.0,10.0
Currais,construção,2023-04-08,,inativa,me,2023,4,8,,,
Curral Novo do Piauí,comércio,2015-04-30,,inativa,médio/grande,2015,4,30,,,
Curralinhos,atividades administrativas,2009-11-29,2004-04-25,inativa,me,2009,11,29,2004.0,4.0,25.0
Demerval Lobão,beleza,2001-11-21,,ativa,médio/grande,2001,11,21,,,
Dirceu Arcoverde,beleza,2003-12-17,,inativa,médio/grande,2003,12,17,,,
Dom Expedito Lopes,atividades administrativas,2005-10-16,2007-09-20,inativa,médio/grande,2005,10,16,2007.0,9.0,20.0
Dom Inocêncio,comércio,2007-01-13,,ativa,pequeno,2007,1,13,,,
Domingos Mourão,construção,2016-07-23,,ativa,pequeno,2016,7,23,,,
Elesbão Veloso,atividades técnicas,2012-07-12,,ativa,me,2012,7,12,,,
Eliseu Martins,atividades administrativas,2021-01-11,2007-03-10,ativa,mei,2021,1,11,2007.0,3.0,10.0
Esperantina,serviços,2007-02-13,,inativa,mei,2007,2,13,,,
Fartura do Piauí,comércio,2018-09-22,2004-07-25,inativa,médio/grande,2018,9,22,2004.0,7.0,25.0
Flores do Piauí,serviços,2022-05-26,,inativa,mei,2022,5,26,,,
Floresta do Piauí,atividades administrativas,2004-08-05,,ativa,me,2004,8,5,,,
Floriano,saúde,2019-01-22,,inativa,médio/grande,2019,1,22,,,
Francinópolis,saúde,2002-10-09,2011-08-07,ativa,me,2002,10,9,2011.0,8.0,7.0
Francisco Ayres,beleza,2008-01-01,,ativa,pequeno,2008,1,1,,,
Francisco Macedo,atividades administrativas,2015-10-22,,inativa,me,2015,10,22,,,
Francisco Santos,atividades administrativas,2021-02-19,,ativa,pequeno,2021,2,19,,,
Fronteiras,serviços,2004-10-05,,inativa,pequeno,2004,10,5,,,
Geminiano,atividades administrativas,2007-07-27,,ativa,mei,2007,7,27,,,
Gilbués,comércio,2017-12-19,,ativa,pequeno,2017,12,19,,,
Guadalupe,atividades administrativas,2017-08-06,,inativa,mei,2017,8,6,,,
Guaribas,atividades técnicas,2007-04-05,,ativa,mei,2007,4,5,,,
Hugo Napoleão,saúde,2016-08-18,,inativa,mei,2016,8,18,,,
Ilha Grande,atividades administrativas,2002-02-08,2004-10-18,inativa,mei,2002,2,8,2004.0,10.0,18.0
Inhuma,atividades técnicas,2001-03-07,2006-12-07,ativa,mei,2001,3,7,2006.0,12.0,7.0
Ipirá,serviços,2015-11-02,,ativa,médio/grande,2015,11,2,,,
Isaías Coelho,atividades técnicas,2008-08-26,,ativa,médio/grande,2008,8,26,,,
Itainópolis,serviços,2003-09-02,2011-07-31,inativa,pequeno,2003,9,2,2011.0,7.0,31.0
Itaueira,atividades técnicas,2015-09-12,,inativa,mei,2015,9,12,,,
Jacobina do Piauí,comércio,2022-09-02,2009-01-22,inativa,médio/grande,2022,9,2,2009.0,1.0,22.0
Jaicós,construção,2008-09-11,,inativa,médio/grande,2008,9,11,,,
Jardim do Mulato,comércio,2021-03-14,2017-04-13,inativa,médio/grande,2021,3,14,2017.0,4.0,13.0
Jatobá do Piauí,beleza,2016-10-11,,ativa,mei,2016,10,11,,,
Jerumenha,comércio,2016-12-04,2013-11-02,inativa,pequeno,2016,12,4,2013.0,11.0,2.0
João Costa,atividades técnicas,2018-03-17,,inativa,médio/grande,2018,3,17,,,
Joaquim Pires,beleza,2023-10-21,2017-08-22,ativa,pequeno,2023,10,21,2017.0,8.0,22.0
Joca Marques,construção,2001-04-23,2007-04-25,ativa,mei,2001,4,23,2007.0,4.0,25.0
José de Freitas,atividades técnicas,2017-07-21,,ativa,mei,2017,7,21,,,
Juazeiro do Piauí,saúde,2011-02-08,,inativa,pequeno,2011,2,8,,,
Júlio Borges,atividades administrativas,2011-05-04,2009-04-29,ativa,pequeno,2011,5,4,2009.0,4.0,29.0
Jurema,atividades técnicas,2003-02-16,,ativa,médio/grande,2003,2,16,,,
Lagoa Alegre,serviços,2017-12-23,,ativa,pequeno,2017,12,23,,,
Lagoa de São Francisco,construção,2007-06-05,2022-10-24,inativa,mei,2007,6,5,2022.0,10.0,24.0
Lagoa do Barro do Piauí,atividades administrativas,2016-09-18,2014-07-01,ativa,médio/grande,2016,9,18,2014.0,7.0,1.0
Lagoa do Piauí,serviços,2005-11-01,,ativa,me,2005,11,1,,,
Lagoa do Sítio,beleza,2010-03-17,2008-02-10,inativa,me,2010,3,17,2008.0,2.0,10.0
Lagoinha do Piauí,comércio,2003-07-05,,ativa,mei,2003,7,5,,,
Landri Sales,saúde,2021-05-16,,ativa,me,2021,5,16,,,
Luís Correia,construção,2005-12-15,,ativa,me,2005,12,15,,,
Luzilândia,comércio,2012-04-06,2015-12-27,ativa,me,2012,4,6,2015.0,12.0,27.0
Madeiro,serviços,2013-02-02,2013-02-26,ativa,pequeno,2013,2,2,2013.0,2.0,26.0
Manoel Emídio,beleza,2020-08-22,2019-07-09,ativa,me,2020,8,22,2019.0,7.0,9.0
Marcolândia,beleza,2012-07-02,2016-08-19,ativa,me,2012,7,2,2016.0,8.0,19.0
Marcos Parente,construção,2010-06-07,2007-08-13,ativa,me,2010,6,7,2007.0,8.0,13.0
Massapê do Piauí,atividades técnicas,2019-12-03,,ativa,pequeno,2019,12,3,,,
Matias Olímpio,serviços,2006-10-22,,ativa,mei,2006,10,22,,,
Miguel Alves,saúde,2016-03-07,,inativa,me,2016,3,7,,,
Miguel Leão,construção,2017-10-22,2011-01-11,inativa,pequeno,2017,10,22,2011.0,1.0,11.0
Milton Brandão,atividades técnicas,2006-02-23,2013-04-13,ativa,pequeno,2006,2,23,2013.0,4.0,13.0
Monsenhor Gil,comércio,2014-11-09,,inativa,pequeno,2014,11,9,,,
Monsenhor Hipólito,atividades administrativas,2006-10-27,,ativa,pequeno,2006,10,27,,,
Monte Alegre do Piauí,beleza,2024-05-23,2018-01-06,ativa,mei,2024,5,23,2018.0,1.0,6.0
Morro Cabeça no Tempo,atividades técnicas,2002-12-12,,inativa,me,2002,12,12,,,
Morro do Chapéu do Piauí,comércio,2016-03-30,2001-03-23,ativa,médio/grande,2016,3,30,2001.0,3.0,23.0
Murici dos Portelas,atividades administrativas,2009-06-25,2017-05-20,ativa,médio/grande,2009,6,25,2017.0,5.0,20.0
Nazaré do Piauí,comércio,2022-06-23,,ativa,mei,2022,6,23,,,
Nossa Senhora de Nazaré,atividades técnicas,2021-07-26,,inativa,pequeno,2021,7,26,,,
Nossa Senhora dos Remédios,atividades administrativas,2020-07-28,,inativa,me,2020,7,28,,,
Nova Santa Rita,saúde,2020-06-16,2001-02-15,inativa,me,2020,6,16,2001.0,2.0,15.0
Novo Oriente do Piauí,beleza,2011-10-07,,ativa,pequeno,2011,10,7,,,
Novo Santo Antônio,comércio,2020-01-24,,ativa,médio/grande,2020,1,24,,,
Oeiras,atividades técnicas,2021-09-19,2022-03-13,ativa,mei,2021,9,19,2022.0,3.0,13.0
Olho d'Água do Piauí,construção,2004-08-02,,inativa,me,2004,8,2,,,
Padre Marcos,beleza,2017-01-27,2012-12-30,ativa,me,2017,1,27,2012.0,12.0,30.0
Paes Landim,saúde,2002-10-06,,ativa,pequeno,2002,10,6,,,
Pajeú do Piauí,serviços,2001-08-08,,ativa,mei,2001,8,8,,,
Palmeira do Piauí,comércio,2015-04-02,,ativa,mei,2015,4,2,,,
Palmeirais,construção,2022-01-26,,ativa,mei,2022,1,26,,,
Paquetá,atividades administrativas,2003-07-24,2018-03-28,inativa,me,2003,7,24,2018.0,3.0,28.0
Parnaguá,atividades técnicas,2004-01-13,,ativa,mei,2004,1,13,,,
Parnaíba,beleza,2019-06-10,,inativa,me,2019,6,10,,,
Passagem Franca do Piauí,atividades técnicas,2006-06-06,,ativa,me,2006,6,6,,,
Patos do Piauí,serviços,2002-06-08,,ativa,me,2002,6,8,,,
Pau d'Arco do Piauí,atividades administrativas,2001-02-14,2005-06-15,inativa,médio/grande,2001,2,14,2005.0,6.0,15.0
Paulistana,atividades administrativas,2023-01-05,,inativa,mei,2023,1,5,,,
Pavussu,saúde,2004-04-19,2007-05-10,ativa,mei,2004,4,19,2007.0,5.0,10.0
Pedro II,comércio,2022-03-15,2017-08-03,inativa,mei,2022,3,15,2017.0,8.0,3.0
Pedro Laurentino,serviços,2006-02-05,,ativa,mei,2006,2,5,,,
Picos,saúde,2016-10-08,,inativa,médio/grande,2016,10,8,,,
Pimenteiras,serviços,2023-12-08,,inativa,me,2023,12,8,,,
Pio IX,atividades administrativas,2012-01-21,,inativa,me,2012,1,21,,,
Piracuruca,beleza,2001-01-21,2017-02-16,ativa,pequeno,2001,1,21,2017.0,2.0,16.0
Piripiri,comércio,2017-09-05,2005-12-29,ativa,médio/grande,2017,9,5,2005.0,12.0,29.0
Porto,beleza,2022-12-29,,ativa,pequeno,2022,12,29,,,
Porto Alegre do Piauí,construção,2002-09-26,,inativa,me,2002,9,26,,,
Prata do Piauí,saúde,2015-03-19,,ativa,médio/grande,2015,3,19,,,
Queimada Nova,construção,2018-11-12,2002-12-21,ativa,me,2018,11,12,2002.0,12.0,21.0
Redenção do Gurguéia,comércio,2012-08-19,2005-09-06,inativa,pequeno,2012,8,19,2005.0,9.0,6.0
Regeneração,atividades administrativas,2018-08-22,,ativa,me,2018,8,22,,,
Riacho Frio,construção,2002-12-25,2016-12-22,inativa,mei,2002,12,25,2016.0,12.0,22.0
Ribeira do Piauí,serviços,2000-09-20,2008-12-16,inativa,mei,2000,9,20,2008.0,12.0,16.0
Ribeiro Gonçalves,atividades administrativas,2019-05-22,2013-07-16,ativa,mei,2019,5,22,2013.0,7.0,16.0
Rio Grande do Piauí,atividades administrativas,2018-12-20,2002-06-07,inativa,médio/grande,2018,12,20,2002.0,6.0,7.0
Santa Cruz do Piauí,serviços,2014-12-27,,inativa,médio/grande,2014,12,27,,,
Santa Cruz dos Milagres,saúde,2014-04-18,2023-07-13,ativa,me,2014,4,18,2023.0,7.0,13.0
Santa Filomena,serviços,2002-01-21,,inativa,mei,2002,1,21,,,
Santa Luz,construção,2011-09-01,,inativa,médio/grande,2011,9,1,,,
Santa Rosa do Piauí,beleza,2003-01-11,2002-07-07,inativa,mei,2003,1,11,2002.0,7.0,7.0
Santana do Piauí,saúde,2021-11-29,2005-09-10,inativa,me,2021,11,29,2005.0,9.0,10.0
Santo Antônio de Lisboa,beleza,2016-03-18,2017-01-19,inativa,pequeno,2016,3,18,2017.0,1.0,19.0
Santo Antônio dos Milagres,comércio,2013-03-04,,ativa,pequeno,2013,3,4,,,
Santo Inácio do Piauí,serviços,2024-04-28,2006-01-25,ativa,pequeno,2024,4,28,2006.0,1.0,25.0
São Braz do Piauí,comércio,2004-05-22,,ativa,me,2004,5,22,,,
São Félix do Piauí,atividades técnicas,2010-06-26,,inativa,me,2010,6,26,,,
São Francisco de Assis do Piauí,comércio,2003-10-24,,ativa,me,2003,10,24,,,
São Francisco do Piauí,serviços,2020-04-15,2004-08-23,ativa,pequeno,2020,4,15,2004.0,8.0,23.0
São Gonçalo do Gurguéia,serviços,2006-07-01,2017-04-02,inativa,me,2006,7,1,2017.0,4.0,2.0
São Gonçalo do Piauí,serviços,2000-07-08,2019-07-18,inativa,me,2000,7,8,2019.0,7.0,18.0
São João da Canabrava,atividades administrativas,2008-04-09,,inativa,médio/grande,2008,4,9,,,
São João da Fronteira,beleza,2008-05-04,2011-09-28,inativa,pequeno,2008,5,4,2011.0,9.0,28.0
São João da Serra,serviços,2013-05-19,2003-06-08,ativa,médio/grande,2013,5,19,2003.0,6.0,8.0
São João da Varjota,atividades técnicas,2007-10-20,,inativa,me,2007,10,20,,,
São João do Arraial,saúde,2010-01-30,2019-10-18,inativa,médio/grande,2010,1,30,2019.0,10.0,18.0
São João do Piauí,construção,2009-12-18,,ativa,me,2009,12,18,,,
São José do Divino,serviços,2007-12-24,,ativa,me,2007,12,24,,,
São José do Peixe,saúde,2010-11-22,2006-02-23,inativa,mei,2010,11,22,2006.0,2.0,23.0
São José do Piauí,construção,2019-06-24,2023-10-29,ativa,mei,2019,6,24,2023.0,10.0,29.0
São Julião,serviços,2008-04-05,,inativa,mei,2008,4,5,,,
São Lourenço do Piauí,serviços,2017-12-22,2023-04-15,inativa,médio/grande,2017,12,22,2023.0,4.0,15.0
São Luis do Piauí,atividades administrativas,2007-07-05,,ativa,pequeno,2007,7,5,,,
São Miguel da Baixa Grande,atividades técnicas,2017-05-04,2003-08-26,inativa,me,2017,5,4,2003.0,8.0,26.0
São Miguel do Fidalgo,saúde,2008-09-02,2015-09-18,inativa,pequeno,2008,9,2,2015.0,9.0,18.0
São Miguel do Tapuio,saúde,2002-06-14,,inativa,pequeno,2002,6,14,,,
São Pedro do Piauí,serviços,2019-10-02,,inativa,pequeno,2019,10,2,,,
São Raimundo Nonato,construção,2022-10-20,2020-12-02,ativa,pequeno,2022,10,20,2020.0,12.0,2.0
Sebastião Barros,atividades administrativas,2017-12-04,2022-11-20,inativa,médio/grande,2017,12,4,2022.0,11.0,20.0
Sebastião Leal,atividades administrativas,2012-02-21,,inativa,me,2012,2,21,,,
Sigefredo Pacheco,beleza,2009-09-07,,ativa,mei,2009,9,7,,,
Simões,construção,2005-03-31,,inativa,médio/grande,2005,3,31,,,
Simplício Mendes,serviços,2007-11-14,,ativa,me,2007,11,14,,,
Socorro do Piauí,beleza,2013-06-14,,inativa,pequeno,2013,6,14,,,
Sussuapara,comércio,2014-06-06,2011-11-16,ativa,me,2014,6,6,2011.0,11.0,16.0
Tamboril do Piauí,saúde,2024-02-22,,ativa,pequeno,2024,2,22,,,
Tanque do Piauí,serviços,2003-09-04,,inativa,mei,2003,9,4,,,
Teresina,construção,2005-03-07,,ativa,mei,2005,3,7,,,
União,serviços,2002-04-05,,inativa,me,2002,4,5,,,
Uruçuí,atividades técnicas,2012-02-25,,ativa,mei,2012,2,25,,,
Valença do Piauí,comércio,2015-08-13,2014-09-21,ativa,mei,2015,8,13,2014.0,9.0,21.0
Várzea Branca,atividades técnicas,2001-09-27,,ativa,me,2001,9,27,,,
Várzea Grande,beleza,2018-11-23,,ativa,pequeno,2018,11,23,,,
Vera Mendes,atividades técnicas,2021-12-27,2002-11-05,ativa,mei,2021,12,27,2002.0,11.0,5.0
Vila Nova do Piauí,construção,2012-10-06,,ativa,mei,2012,10,6,,,
Wall Ferraz,atividades administrativas,2021-08-09,,ativa,pequeno,2021,8,9,,,
Acauã,construção,2006-10-06,2016-08-18,ativa,mei,2006,10,6,2016.0,8.0,18.0
Agricolândia,atividades administrativas,2010-01-08,2009-06-16,ativa,mei,2010,1,8,2009.0,6.0,16.0
Água Branca,atividades administrativas,2011-11-18,,inativa,mei,2011,11,18,,,
Alagoinha do Piauí,beleza,2008-12-29,,inativa,pequeno,2008,12,29,,,
Alegrete do Piauí,beleza,2012-04-01,,inativa,pequeno,2012,4,1,,,
Alto Longá,comércio,2014-02-11,2000-10-08,inativa,mei,2014,2,11,2000.0,10.0,8.0
Altos,comércio,2019-06-27,2011-02-26,ativa,médio/grande,2019,6,27,2011.0,2.0,26.0
Alvorada do Gurguéia,beleza,2008-06-27,,inativa,médio/grande,2008,6,27,,,
Amarante,serviços,2008-12-04,2001-08-01,inativa,médio/grande,2008,12,4,2001.0,8.0,1.0
Angical do Piauí,construção,2011-02-08,2020-09-17,inativa,mei,2011,2,8,2020.0,9.0,17.0
Anísio de Abreu,atividades administrativas,2005-07-04,,inativa,médio/grande,2005,7,4,,,
Antônio Almeida,serviços,2010-01-04,2022-05-15,ativa,me,2010,1,4,2022.0,5.0,15.0
Aroazes,beleza,2007-11-07,,ativa,me,2007,11,7,,,
Aroeiras do Itaim,saúde,2009-04-19,,ativa,médio/grande,2009,4,19,,,
Arraial,atividades técnicas,2011-03-21,2014-06-11,inativa,mei,2011,3,21,2014.0,6.0,11.0
Assunção do Piauí,comércio,2001-03-21,2023-11-27,inativa,pequeno,2001,3,21,2023.0,11.0,27.0
Avelino Lopes,serviços,2020-05-04,2005-06-04,ativa,me,2020,5,4,2005.0,6.0,4.0
Baixa Grande do Ribeiro,saúde,2018-07-20,,inativa,mei,2018,7,20,,,
Barra d'Alcântara,atividades técnicas,2015-11-17,2020-08-20,inativa,pequeno,2015,11,17,2020.0,8.0,20.0
Barras,atividades administrativas,2005-04-08,2018-03-25,ativa,me,2005,4,8,2018.0,3.0,25.0
Barro Duro,comércio,2020-09-15,,ativa,pequeno,2020,9,15,,,
Batalha,atividades administrativas,2001-04-02,,inativa,médio/grande,2001,4,2,,,
Bela Vista do Piauí,atividades administrativas,2002-02-27,,inativa,médio/grande,2002,2,27,,,
Belém do Piauí,serviços,2018-11-24,,inativa,médio/grande,2018,11,24,,,
Beneditinos,comércio,2019-04-20,2022-01-26,inativa,mei,2019,4,20,2022.0,1.0,26.0
Bertolínia,saúde,2015-02-03,,ativa,me,2015,2,3,,,
Betânia do Piauí,atividades administrativas,2006-10-14,,ativa,mei,2006,10,14,,,
Boa Hora,serviços,2016-09-14,,ativa,mei,2016,9,14,,,
Bocaina,comércio,2001-02-10,,inativa,mei,2001,2,10,,,
Bom Jesus,comércio,2014-07-28,,inativa,pequeno,2014,7,28,,,
Bom Princípio do Piauí,construção,2014-08-25,2000-10-09,inativa,pequeno,2014,8,25,2000.0,10.0,9.0
Bonfim do Piauí,comércio,2023-08-11,,ativa,mei,2023,8,11,,,
Boqueirão do Piauí,comércio,2010-09-02,,inativa,me,2010,9,2,,,
Brasileira,atividades técnicas,2005-05-29,2011-01-17,inativa,me,2005,5,29,2011.0,1.0,17.0
Brejo do Piauí,serviços,2016-06-27,,inativa,médio/grande,2016,6,27,,,
Buriti dos Lopes,beleza,2013-10-03,2008-12-28,inativa,me,2013,10,3,2008.0,12.0,28.0
Buriti dos Montes,beleza,2018-02-11,,ativa,me,2018,2,11,,,
Cabeceiras do Piauí,beleza,2001-12-17,2020-08-23,ativa,mei,2001,12,17,2020.0,8.0,23.0
Cajazeiras do Piauí,saúde,2009-12-05,2009-01-15,inativa,mei,2009,12,5,2009.0,1.0,15.0
Cajueiro da Praia,beleza,2015-10-19,2022-12-22,ativa,mei,2015,10,19,2022.0,12.0,22.0
Caldeirão Grande do Piauí,atividades técnicas,2020-05-25,,ativa,me,2020,5,25,,,
Campinas do Piauí,construção,2009-09-22,2022-09-07,ativa,mei,2009,9,22,2022.0,9.0,7.0
Campo Alegre do Fidalgo,comércio,2003-04-08,,inativa,pequeno,2003,4,8,,,
Campo Grande do Piauí,construção,2022-08-17,2012-12-28,inativa,médio/grande,2022,8,17,2012.0,12.0,28.0
Campo Largo do Piauí,saúde,2008-04-13,2021-03-15,inativa,mei,2008,4,13,2021.0,3.0,15.0
Campo Maior,comércio,2008-03-03,,inativa,pequeno,2008,3,3,,,
Canavieira,beleza,2002-02-14,,inativa,médio/grande,2002,2,14,,,
Canto do Buriti,serviços,2010-03-29,2008-10-01,inativa,me,2010,3,29,2008.0,10.0,1.0
Capitão de Campos,atividades técnicas,2020-10-20,,inativa,me,2020,10,20,,,
Capitão Gervásio Oliveira,construção,2014-09-10,2003-12-07,inativa,mei,2014,9,10,2003.0,12.0,7.0
Caracol,construção,2012-06-22,,inativa,me,2012,6,22,,,
Caraúbas do Piauí,serviços,2013-03-28,,ativa,médio/grande,2013,3,28,,,
Caridade do Piauí,construção,2009-10-28,,inativa,mei,2009,10,28,,,
Castelo do Piauí,atividades administrativas,2007-09-25,,ativa,médio/grande,2007,9,25,,,
Caxingó,saúde,2003-05-20,,inativa,me,2003,5,20,,,
Cocal,saúde,2005-10-02,,ativa,mei,2005,10,2,,,
Cocal de Telha,saúde,2012-03-31,,ativa,me,2012,3,31,,,
Cocal dos Alves,atividades administrativas,2022-08-08,2013-05-18,ativa,me,2022,8,8,2013.0,5.0,18.0
Coivaras,serviços,2008-08-18,2014-07-18,inativa,mei,2008,8,18,2014.0,7.0,18.0
Colônia do Gurguéia,atividades técnicas,2000-07-11,,ativa,médio/grande,2000,7,11,,,
Colônia do Piauí,saúde,2006-08-05,,inativa,mei,2006,8,5,,,
Conceição do Canindé,serviços,2018-07-18,2016-03-06,ativa,me,2018,7,18,2016.0,3.0,6.0
Coronel José Dias,serviços,2022-07-27,,ativa,me,2022,7,27,,,
Corrente,beleza,2003-05-31,2004-12-25,ativa,pequeno,2003,5,31,2004.0,12.0,25.0
Cristalândia do Piauí,atividades administrativas,2007-02-05,,ativa,pequeno,2007,2,5,,,
Cristino Castro,atividades administrativas,2008-05-30,2024-05-18,ativa,médio/grande,2008,5,30,2024.0,5.0,18.0
Curimatá,comércio,2021-12-12,2000-11-17,inativa,me,2021,12,12,2000.0,11.0,17.0
Currais,saúde,2003-05-05,,inativa,me,2003,5,5,,,
Curral Novo do Piauí,comércio,2011-01-14,,inativa,me,2011,1,14,,,
Curralinhos,saúde,2010-03-30,2016-02-23,inativa,me,2010,3,30,2016.0,2.0,23.0
Demerval Lobão,beleza,2000-10-26,2004-05-03,ativa,pequeno,2000,10,26,2004.0,5.0,3.0
Dirceu Arcoverde,construção,2003-08-22,2019-03-24,inativa,mei,2003,8,22,2019.0,3.0,24.0
Dom Expedito Lopes,serviços,2001-07-09,,ativa,médio/grande,2001,7,9,,,
Dom Inocêncio,atividades administrativas,2003-07-22,,inativa,me,2003,7,22,,,
Domingos Mourão,comércio,2013-08-05,,inativa,pequeno,2013,8,5,,,
Elesbão Veloso,beleza,2020-05-03,2022-12-15,inativa,me,2020,5,3,2022.0,12.0,15.0
Eliseu Martins,saúde,2002-03-15,2009-01-21,ativa,mei,2002,3,15,2009.0,1.0,21.0
Esperantina,atividades administrativas,2016-06-22,,inativa,pequeno,2016,6,22,,,
Fartura do Piauí,beleza,2014-04-24,,inativa,me,2014,4,24,,,
Flores do Piauí,atividades técnicas,2022-10-25,2020-02-14,inativa,me,2022,10,25,2020.0,2.0,14.0
Floresta do Piauí,construção,2005-10-10,2013-10-23,ativa,médio/grande,2005,10,10,2013.0,10.0,23.0
Floriano,beleza,2003-02-05,,ativa,mei,2003,2,5,,,
Francinópolis,construção,2007-02-14,,ativa,médio/grande,2007,2,14,,,
Francisco Ayres,construção,2024-02-17,,ativa,pequeno,2024,2,17,,,
Francisco Macedo,atividades administrativas,2002-08-06,2003-09-14,inativa,me,2002,8,6,2003.0,9.0,14.0
Francisco Santos,construção,2011-08-18,,ativa,mei,2011,8,18,,,
Fronteiras,atividades técnicas,2001-02-23,2011-02-27,inativa,mei,2001,2,23,2011.0,2.0,27.0
Geminiano,atividades técnicas,2004-09-28,,ativa,médio/grande,2004,9,28,,,
Gilbués,saúde,2001-08-03,,inativa,mei,2001,8,3,,,
Guadalupe,atividades técnicas,2008-11-02,2011-01-05,ativa,mei,2008,11,2,2011.0,1.0,5.0
Guaribas,serviços,2001-11-17,2009-12-24,inativa,mei,2001,11,17,2009.0,12.0,24.0
Hugo Napoleão,construção,2017-04-03,,inativa,pequeno,2017,4,3,,,
Ilha Grande,serviços,2022-06-23,2016-03-19,inativa,médio/grande,2022,6,23,2016.0,3.0,19.0
Inhuma,construção,2009-12-29,,inativa,me,2009,12,29,,,
Ipirá,atividades administrativas,2022-12-17,,inativa,me,2022,12,17,,,
Isaías Coelho,saúde,2001-11-11,,inativa,me,2001,11,11,,,
Itainópolis,construção,2014-12-28,2024-04-30,inativa,me,2014,12,28,2024.0,4.0,30.0
Itaueira,serviços,2004-11-24,,inativa,pequeno,2004,11,24,,,
Jacobina do Piauí,atividades técnicas,2004-09-14,2008-07-12,inativa,mei,2004,9,14,2008.0,7.0,12.0
Jaicós,comércio,2011-06-17,,ativa,pequeno,2011,6,17,,,
Jardim do Mulato,atividades administrativas,2012-10-05,,ativa,me,2012,10,5,,,
Jatobá do Piauí,saúde,2001-08-06,,ativa,pequeno,2001,8,6,,,
Jerumenha,comércio,2006-11-14,,ativa,me,2006,11,14,,,
João Costa,atividades técnicas,2021-03-18,2014-11-06,inativa,médio/grande,2021,3,18,2014.0,11.0,6.0
Joaquim Pires,atividades administrativas,2022-09-20,,inativa,médio/grande,2022,9,20,,,
Joca Marques,construção,2001-11-20,,inativa,pequeno,2001,11,20,,,
José de Freitas,comércio,2022-02-02,,inativa,médio/grande,2022,2,2,,,
Juazeiro do Piauí,atividades técnicas,2010-12-14,,inativa,me,2010,12,14,,,
Júlio Borges,atividades administrativas,2005-10-26,,inativa,me,2005,10,26,,,
Jurema,serviços,2011-04-12,2022-03-15,inativa,médio/grande,2011,4,12,2022.0,3.0,15.0
Lagoa Alegre,construção,2002-01-28,,ativa,me,2002,1,28,,,
Lagoa de São Francisco,serviços,2001-11-03,2009-10-11,ativa,pequeno,2001,11,3,2009.0,10.0,11.0
Lagoa do Barro do Piauí,construção,2022-12-05,,ativa,mei,2022,12,5,,,
Lagoa do Piauí,beleza,2007-08-22,2017-05-15,ativa,pequeno,2007,8,22,2017.0,5.0,15.0
Lagoa do Sítio,atividades técnicas,2021-10-18,,inativa,mei,2021,10,18,,,
Lagoinha do Piauí,saúde,2001-05-15,,inativa,me,2001,5,15,,,
Landri Sales,beleza,2011-05-24,2023-07-19,ativa,me,2011,5,24,2023.0,7.0,19.0
Luís Correia,atividades administrativas,2014-09-23,,inativa,médio/grande,2014,9,23,,,
Luzilândia,beleza,2021-12-19,,ativa,médio/grande,2021,12,19,,,
Madeiro,atividades técnicas,2007-11-20,,ativa,mei,2007,11,20,,,
Manoel Emídio,saúde,2023-08-03,,inativa,pequeno,2023,8,3,,,
Marcolândia,atividades administrativas,2004-12-13,,ativa,mei,2004,12,13,,,
Marcos Parente,atividades administrativas,2011-04-14,,inativa,me,2011,4,14,,,
Massapê do Piauí,serviços,2016-06-03,2002-07-31,ativa,mei,2016,6,3,2002.0,7.0,31.0
Matias Olímpio,construção,2005-04-30,2009-01-17,inativa,mei,2005,4,30,2009.0,1.0,17.0
Miguel Alves,atividades administrativas,2006-04-04,2007-08-12,ativa,me,2006,4,4,2007.0,8.0,12.0
Miguel Leão,construção,2017-08-03,,inativa,pequeno,2017,8,3,,,
Milton Brandão,construção,2016-09-08,2015-07-04,ativa,médio/grande,2016,9,8,2015.0,7.0,4.0
Monsenhor Gil,atividades administrativas,2004-05-11,2015-04-27,ativa,mei,2004,5,11,2015.0,4.0,27.0
Monsenhor Hipólito,atividades técnicas,2005-11-25,,ativa,pequeno,2005,11,25,,,
Monte Alegre do Piauí,serviços,2005-07-29,2003-06-05,inativa,mei,2005,7,29,2003.0,6.0,5.0
Morro Cabeça no Tempo,beleza,2006-07-30,,inativa,mei,2006,7,30,,,
Morro do Chapéu do Piauí,atividades administrativas,2023-03-06,2017-11-07,inativa,me,2023,3,6,2017.0,11.0,7.0
Murici dos Portelas,construção,2000-11-15,2013-09-29,ativa,mei,2000,11,15,2013.0,9.0,29.0
Nazaré do Piauí,beleza,2001-11-27,2010-11-12,inativa,pequeno,2001,11,27,2010.0,11.0,12.0
Nossa Senhora de Nazaré,saúde,2019-04-10,,ativa,médio/grande,2019,4,10,,,
Nossa Senhora dos Remédios,beleza,2002-06-21,,inativa,me,2002,6,21,,,
Nova Santa Rita,atividades técnicas,2021-09-29,,ativa,me,2021,9,29,,,
Novo Oriente do Piauí,atividades administrativas,2012-12-27,2014-03-14,ativa,médio/grande,2012,12,27,2014.0,3.0,14.0
Novo Santo Antônio,construção,2016-04-04,2005-07-03,inativa,pequeno,2016,4,4,2005.0,7.0,3.0
Oeiras,comércio,2010-11-22,2020-01-01,inativa,pequeno,2010,11,22,2020.0,1.0,1.0
Olho d'Água do Piauí,construção,2018-01-15,,inativa,me,2018,1,15,,,
Padre Marcos,comércio,2021-01-30,,ativa,mei,2021,1,30,,,
Paes Landim,construção,2015-07-22,2009-05-28,inativa,médio/grande,2015,7,22,2009.0,5.0,28.0
Pajeú do Piauí,beleza,2011-04-02,2014-12-02,ativa,me,2011,4,2,2014.0,12.0,2.0
Palmeira do Piauí,construção,2001-07-19,2020-08-24,inativa,mei,2001,7,19,2020.0,8.0,24.0
Palmeirais,serviços,2016-12-09,,ativa,me,2016,12,9,,,
Paquetá,atividades técnicas,2019-05-29,2020-03-08,inativa,mei,2019,5,29,2020.0,3.0,8.0
Parnaguá,atividades técnicas,2010-12-06,,ativa,me,2010,12,6,,,
Parnaíba,atividades administrativas,2005-09-20,,inativa,me,2005,9,20,,,
Passagem Franca do Piauí,saúde,2014-12-09,2002-12-16,inativa,me,2014,12,9,2002.0,12.0,16.0
Patos do Piauí,atividades técnicas,2008-04-22,,ativa,médio/grande,2008,4,22,,,
Pau d'Arco do Piauí,atividades administrativas,2008-09-21,2004-10-15,inativa,médio/grande,2008,9,21,2004.0,10.0,15.0
Paulistana,atividades técnicas,2002-02-02,2023-02-26,inativa,me,2002,2,2,2023.0,2.0,26.0
Pavussu,atividades técnicas,2013-09-17,2000-10-30,ativa,pequeno,2013,9,17,2000.0,10.0,30.0
Pedro II,construção,2001-08-20,,ativa,médio/grande,2001,8,20,,,
Pedro Laurentino,beleza,2012-11-29,,inativa,mei,2012,11,29,,,
Picos,construção,2013-10-28,,inativa,médio/grande,2013,10,28,,,
Pimenteiras,serviços,2016-03-31,2009-07-19,ativa,me,2016,3,31,2009.0,7.0,19.0
Pio IX,construção,2001-07-12,,ativa,me,2001,7,12,,,
Piracuruca,beleza,2013-12-21,,inativa,médio/grande,2013,12,21,,,
Piripiri,comércio,2009-07-28,2023-10-02,ativa,me,2009,7,28,2023.0,10.0,2.0
Porto,atividades técnicas,2009-08-10,,inativa,pequeno,2009,8,10,,,
Porto Alegre do Piauí,atividades técnicas,2008-07-03,2017-08-16,inativa,pequeno,2008,7,3,2017.0,8.0,16.0
Prata do Piauí,atividades técnicas,2012-04-21,,inativa,mei,2012,4,21,,,
Queimada Nova,construção,2011-06-08,,ativa,mei,2011,6,8,,,
Redenção do Gurguéia,atividades administrativas,2012-12-15,2002-11-08,inativa,pequeno,2012,12,15,2002.0,11.0,8.0
Regeneração,saúde,2001-03-15,,ativa,me,2001,3,15,,,
Riacho Frio,comércio,2019-10-02,,ativa,pequeno,2019,10,2,,,
Ribeira do Piauí,construção,2021-11-15,2021-06-22,inativa,médio/grande,2021,11,15,2021.0,6.0,22.0
Ribeiro Gonçalves,beleza,2015-09-09,,ativa,mei,2015,9,9,,,
Rio Grande do Piauí,atividades técnicas,2022-11-13,,inativa,pequeno,2022,11,13,,,
Santa Cruz do Piauí,comércio,2015-09-24,2004-02-11,ativa,médio/grande,2015,9,24,2004.0,2.0,11.0
Santa Cruz dos Milagres,beleza,2007-12-29,,inativa,pequeno,2007,12,29,,,
Santa Filomena,comércio,2009-08-08,,inativa,me,2009,8,8,,,
Santa Luz,construção,2019-07-23,,ativa,me,2019,7,23,,,
Santa Rosa do Piauí,comércio,2004-05-24,,ativa,mei,2004,5,24,,,
Santana do Piauí,construção,2011-02-07,2010-08-25,ativa,me,2011,2,7,2010.0,8.0,25.0
Santo Antônio de Lisboa,atividades técnicas,2003-02-08,,inativa,pequeno,2003,2,8,,,
Santo Antônio dos Milagres,construção,2000-12-26,,inativa,médio/grande,2000,12,26,,,
Santo Inácio do Piauí,comércio,2002-02-20,,ativa,pequeno,2002,2,20,,,
São Braz do Piauí,serviços,2010-02-15,2016-09-23,inativa,mei,2010,2,15,2016.0,9.0,23.0
São Félix do Piauí,atividades técnicas,2010-08-30,2011-02-20,ativa,mei,2010,8,30,2011.0,2.0,20.0
São Francisco de Assis do Piauí,comércio,2023-02-10,,ativa,médio/grande,2023,2,10,,,
São Francisco do Piauí,serviços,2015-06-02,2023-03-03,ativa,mei,2015,6,2,2023.0,3.0,3.0
São Gonçalo do Gurguéia,atividades administrativas,2011-06-01,,ativa,médio/grande,2011,6,1,,,
São Gonçalo do Piauí,construção,2005-04-05,,ativa,me,2005,4,5,,,
São João da Canabrava,atividades administrativas,2022-02-17,,ativa,pequeno,2022,2,17,,,
São João da Fronteira,construção,2019-09-24,,ativa,médio/grande,2019,9,24,,,
São João da Serra,saúde,2001-02-06,,inativa,mei,2001,2,6,,,
São João da Varjota,beleza,2014-08-29,,inativa,médio/grande,2014,8,29,,,
São João do Arraial,atividades administrativas,2013-05-26,,ativa,pequeno,2013,5,26,,,
São João do Piauí,atividades administrativas,2004-02-14,2014-10-13,inativa,pequeno,2004,2,14,2014.0,10.0,13.0
São José do Divino,atividades técnicas,2022-12-13,2004-02-11,inativa,mei,2022,12,13,2004.0,2.0,11.0
São José do Peixe,atividades técnicas,2016-12-04,,inativa,médio/grande,2016,12,4,,,
São José do Piauí,atividades administrativas,2010-08-17,2015-07-12,inativa,mei,2010,8,17,2015.0,7.0,12.0
São Julião,beleza,2006-07-22,,ativa,médio/grande,2006,7,22,,,
São Lourenço do Piauí,construção,2007-12-31,,inativa,mei,2007,12,31,,,
São Luis do Piauí,saúde,2013-06-04,2021-09-08,ativa,me,2013,6,4,2021.0,9.0,8.0
São Miguel da Baixa Grande,atividades administrativas,2011-01-10,,inativa,médio/grande,2011,1,10,,,
São Miguel do Fidalgo,comércio,2013-06-29,,ativa,me,2013,6,29,,,
São Miguel do Tapuio,saúde,2022-04-23,,inativa,médio/grande,2022,4,23,,,
São Pedro do Piauí,construção,2004-06-12,2023-09-23,inativa,pequeno,2004,6,12,2023.0,9.0,23.0
São Raimundo Nonato,atividades técnicas,2017-02-17,,inativa,me,2017,2,17,,,
Sebastião Barros,beleza,2016-03-17,,inativa,mei,2016,3,17,,,
Sebastião Leal,construção,2019-12-02,,ativa,pequeno,2019,12,2,,,
Sigefredo Pacheco,atividades técnicas,2016-05-31,,inativa,médio/grande,2016,5,31,,,
Simões,beleza,2001-07-17,2015-03-10,ativa,pequeno,2001,7,17,2015.0,3.0,10.0
Simplício Mendes,atividades administrativas,2022-06-29,2018-04-14,ativa,médio/grande,2022,6,29,2018.0,4.0,14.0
Socorro do Piauí,beleza,2023-04-27,2012-06-05,ativa,mei,2023,4,27,2012.0,6.0,5.0
Sussuapara,construção,2005-09-18,,inativa,mei,2005,9,18,,,
Tamboril do Piauí,comércio,2012-06-28,2020-06-19,inativa,mei,2012,6,28,2020.0,6.0,19.0
Tanque do Piauí,atividades administrativas,2020-01-20,2021-04-10,inativa,me,2020,1,20,2021.0,4.0,10.0
Teresina,saúde,2006-07-21,,inativa,médio/grande,2006,7,21,,,
União,comércio,2018-07-29,2006-06-17,inativa,me,2018,7,29,2006.0,6.0,17.0
Uruçuí,serviços,2009-01-01,2014-02-11,ativa,pequeno,2009,1,1,2014.0,2.0,11.0
Valença do Piauí,beleza,2008-09-30,2014-07-10,ativa,médio/grande,2008,9,30,2014.0,7.0,10.0
Várzea Branca,atividades técnicas,2022-09-25,,ativa,médio/grande,2022,9,25,,,
Várzea Grande,construção,2003-11-10,,inativa,médio/grande,2003,11,10,,,
Vera Mendes,comércio,2016-11-04,,ativa,médio/grande,2016,11,4,,,
Vila Nova do Piauí,comércio,2013-03-15,,inativa,mei,2013,3,15,,,
Wall Ferraz,comércio,2013-07-13,,ativa,médio/grande,2013,7,13,,,
Acauã,beleza,2017-07-22,,ativa,pequeno,2017,7,22,,,
Agricolândia,serviços,2022-03-15,2020-04-13,inativa,médio/grande,2022,3,15,2020.0,4.0,13.0
Água Branca,atividades administrativas,2012-01-24,2015-08-25,inativa,me,2012,1,24,2015.0,8.0,25.0
Alagoinha do Piauí,construção,2015-10-02,2020-05-04,inativa,me,2015,10,2,2020.0,5.0,4.0
Alegrete do Piauí,serviços,2006-09-17,,ativa,me,2006,9,17,,,
Alto Longá,beleza,2019-04-16,,inativa,mei,2019,4,16,,,
Altos,construção,2012-10-28,2017-05-22,ativa,me,2012,10,28,2017.0,5.0,22.0
Alvorada do Gurguéia,atividades técnicas,2001-03-16,2014-01-07,inativa,médio/grande,2001,3,16,2014.0,1.0,7.0
Amarante,serviços,2009-04-16,,inativa,me,2009,4,16,,,
Angical do Piauí,construção,2005-09-13,2019-11-30,ativa,me,2005,9,13,2019.0,11.0,30.0
Anísio de Abreu,saúde,2004-01-17,,ativa,pequeno,2004,1,17,,,
Antônio Almeida,serviços,2015-04-19,,ativa,pequeno,2015,4,19,,,
Aroazes,serviços,2011-10-13,,ativa,mei,2011,10,13,,,
Aroeiras do Itaim,atividades técnicas,2006-12-04,,ativa,mei,2006,12,4,,,
Arraial,saúde,2014-08-22,,ativa,mei,2014,8,22,,,
Assunção do Piauí,construção,2014-03-30,,inativa,mei,2014,3,30,,,
Avelino Lopes,serviços,2015-11-28,,inativa,mei,2015,11,28,,,
Baixa Grande do Ribeiro,atividades administrativas,2016-10-30,2012-04-27,ativa,me,2016,10,30,2012.0,4.0,27.0
Barra d'Alcântara,atividades técnicas,2014-09-28,,ativa,pequeno,2014,9,28,,,
Barras,atividades técnicas,2013-01-08,,ativa,pequeno,2013,1,8,,,
Barro Duro,comércio,2017-11-26,,inativa,mei,2017,11,26,,,
Batalha,construção,2023-06-08,,ativa,médio/grande,2023,6,8,,,
Bela Vista do Piauí,atividades administrativas,2014-02-12,,inativa,me,2014,2,12,,,
Belém do Piauí,atividades administrativas,2016-06-26,2012-06-26,ativa,mei,2016,6,26,2012.0,6.0,26.0
Beneditinos,beleza,2009-01-25,,ativa,me,2009,1,25,,,
Bertolínia,construção,2010-08-16,,ativa,médio/grande,2010,8,16,,,
Betânia do Piauí,saúde,2021-03-21,2019-02-09,ativa,me,2021,3,21,2019.0,2.0,9.0
Boa Hora,construção,2002-11-03,2003-11-28,ativa,mei,2002,11,3,2003.0,11.0,28.0
Bocaina,construção,2022-02-10,,inativa,mei,2022,2,10,,,
Bom Jesus,beleza,2001-12-25,,inativa,médio/grande,2001,12,25,,,
Bom Princípio do Piauí,construção,2014-08-24,2023-06-04,ativa,pequeno,2014,8,24,2023.0,6.0,4.0
Bonfim do Piauí,beleza,2014-06-05,,inativa,mei,2014,6,5,,,
Boqueirão do Piauí,comércio,2006-05-24,2016-08-29,ativa,me,2006,5,24,2016.0,8.0,29.0
Brasileira,serviços,2019-12-22,,ativa,médio/grande,2019,12,22,,,
Brejo do Piauí,atividades técnicas,2003-07-02,2008-11-09,ativa,médio/grande,2003,7,2,2008.0,11.0,9.0
Buriti dos Lopes,atividades administrativas,2011-06-19,2016-10-08,inativa,mei,2011,6,19,2016.0,10.0,8.0
Buriti dos Montes,comércio,2001-12-07,,ativa,me,2001,12,7,,,
Cabeceiras do Piauí,saúde,2000-09-21,,ativa,me,2000,9,21,,,
Cajazeiras do Piauí,serviços,2015-01-12,,ativa,médio/grande,2015,1,12,,,
Cajueiro da Praia,saúde,2023-12-27,,ativa,pequeno,2023,12,27,,,
Caldeirão Grande do Piauí,serviços,2024-01-19,,inativa,médio/grande,2024,1,19,,,
Campinas do Piauí,comércio,2014-11-06,2003-01-03,inativa,mei,2014,11,6,2003.0,1.0,3.0
Campo Alegre do Fidalgo,atividades administrativas,2016-01-04,,ativa,médio/grande,2016,1,4,,,
Campo Grande do Piauí,comércio,2017-06-20,2011-01-19,ativa,médio/grande,2017,6,20,2011.0,1.0,19.0
Campo Largo do Piauí,serviços,2014-12-17,,ativa,mei,2014,12,17,,,
Campo Maior,construção,2003-04-30,2014-11-13,inativa,pequeno,2003,4,30,2014.0,11.0,13.0
Canavieira,atividades administrativas,2001-11-22,2017-11-10,ativa,pequeno,2001,11,22,2017.0,11.0,10.0
Canto do Buriti,atividades administrativas,2005-03-07,,inativa,pequeno,2005,3,7,,,
Capitão de Campos,atividades técnicas,2004-11-27,,inativa,médio/grande,2004,11,27,,,
Capitão Gervásio Oliveira,atividades administrativas,2004-01-08,,inativa,mei,2004,1,8,,,
Caracol,atividades técnicas,2014-05-13,,ativa,mei,2014,5,13,,,
Caraúbas do Piauí,beleza,2001-03-17,2022-04-16,inativa,pequeno,2001,3,17,2022.0,4.0,16.0
Caridade do Piauí,atividades administrativas,2015-04-20,2015-06-20,ativa,me,2015,4,20,2015.0,6.0,20.0
Castelo do Piauí,atividades técnicas,2015-01-17,2003-12-28,ativa,me,2015,1,17,2003.0,12.0,28.0
Caxingó,beleza,2018-09-21,,ativa,médio/grande,2018,9,21,,,
Cocal,beleza,2002-06-23,2004-03-06,ativa,médio/grande,2002,6,23,2004.0,3.0,6.0
Cocal de Telha,atividades administrativas,2015-10-10,2019-06-30,ativa,pequeno,2015,10,10,2019.0,6.0,30.0
Cocal dos Alves,atividades administrativas,2023-11-01,2007-08-18,inativa,pequeno,2023,11,1,2007.0,8.0,18.0
Coivaras,atividades administrativas,2007-04-21,,inativa,pequeno,2007,4,21,,,
Colônia do Gurguéia,comércio,2001-12-24,2006-01-03,inativa,médio/grande,2001,12,24,2006.0,1.0,3.0
Colônia do Piauí,atividades administrativas,2022-12-31,2015-02-14,ativa,pequeno,2022,12,31,2015.0,2.0,14.0
Conceição do Canindé,comércio,2006-05-04,2001-09-29,inativa,me,2006,5,4,2001.0,9.0,29.0
Coronel José Dias,construção,2006-05-22,,ativa,me,2006,5,22,,,
Corrente,beleza,2012-09-02,,ativa,me,2012,9,2,,,
Cristalândia do Piauí,atividades administrativas,2021-10-03,2020-02-08,ativa,médio/grande,2021,10,3,2020.0,2.0,8.0
Cristino Castro,saúde,2013-06-15,2019-08-27,ativa,me,2013,6,15,2019.0,8.0,27.0
Curimatá,atividades administrativas,2017-03-25,,ativa,me,2017,3,25,,,
Currais,comércio,2000-07-11,,inativa,pequeno,2000,7,11,,,
Curral Novo do Piauí,comércio,2023-11-18,,ativa,me,2023,11,18,,,
Curralinhos,comércio,2022-01-11,2007-02-07,inativa,me,2022,1,11,2007.0,2.0,7.0
Demerval Lobão,beleza,2013-08-22,2014-06-19,ativa,pequeno,2013,8,22,2014.0,6.0,19.0
Dirceu Arcoverde,serviços,2009-12-17,2015-11-25,ativa,médio/grande,2009,12,17,2015.0,11.0,25.0
Dom Expedito Lopes,atividades administrativas,2019-03-10,,inativa,me,2019,3,10,,,
Dom Inocêncio,saúde,2005-03-27,,inativa,médio/grande,2005,3,27,,,
Domingos Mourão,beleza,2018-08-09,2017-09-18,inativa,me,2018,8,9,2017.0,9.0,18.0
Elesbão Veloso,serviços,2002-02-01,,inativa,médio/grande,2002,2,1,,,
Eliseu Martins,atividades técnicas,2018-05-17,2004-11-18,inativa,mei,2018,5,17,2004.0,11.0,18.0
Esperantina,serviços,2003-09-08,2014-10-04,inativa,me,2003,9,8,2014.0,10.0,4.0
Fartura do Piauí,serviços,2017-09-09,,inativa,médio/grande,2017,9,9,,,
Flores do Piauí,serviços,2019-07-07,2015-11-20,ativa,médio/grande,2019,7,7,2015.0,11.0,20.0
Floresta do Piauí,beleza,2006-04-14,2017-03-17,ativa,pequeno,2006,4,14,2017.0,3.0,17.0
Floriano,serviços,2015-10-03,,ativa,me,2015,10,3,,,
Francinópolis,serviços,2005-05-03,2005-02-18,inativa,pequeno,2005,5,3,2005.0,2.0,18.0
Francisco Ayres,comércio,2018-11-29,2018-04-18,inativa,médio/grande,2018,11,29,2018.0,4.0,18.0
Francisco Macedo,construção,2024-06-15,,ativa,mei,2024,6,15,,,
Francisco Santos,serviços,2016-09-01,,ativa,pequeno,2016,9,1,,,
Fronteiras,serviços,2018-04-04,,ativa,mei,2018,4,4,,,
Geminiano,saúde,2001-04-11,,inativa,pequeno,2001,4,11,,,
Gilbués,atividades administrativas,2019-11-15,2005-01-29,inativa,me,2019,11,15,2005.0,1.0,29.0
Guadalupe,beleza,2006-01-25,,ativa,médio/grande,2006,1,25,,,
Guaribas,construção,2007-03-02,2003-03-07,ativa,me,2007,3,2,2003.0,3.0,7.0
Hugo Napoleão,comércio,2011-07-12,2004-08-03,inativa,me,2011,7,12,2004.0,8.0,3.0
Ilha Grande,comércio,2020-02-25,2000-08-18,ativa,médio/grande,2020,2,25,2000.0,8.0,18.0
Inhuma,construção,2011-03-13,,inativa,mei,2011,3,13,,,
Ipirá,atividades administrativas,2009-04-25,,inativa,médio/grande,2009,4,25,,,
Isaías Coelho,comércio,2004-12-31,2019-02-13,ativa,mei,2004,12,31,2019.0,2.0,13.0
Itainópolis,construção,2009-06-28,,ativa,pequeno,2009,6,28,,,
Itaueira,saúde,2001-06-08,2003-05-19,ativa,mei,2001,6,8,2003.0,5.0,19.0
Jacobina do Piauí,comércio,2016-08-03,2012-06-07,inativa,mei,2016,8,3,2012.0,6.0,7.0
Jaicós,beleza,2003-08-12,,ativa,pequeno,2003,8,12,,,
Jardim do Mulato,construção,2001-12-23,2008-04-09,ativa,mei,2001,12,23,2008.0,4.0,9.0
Jatobá do Piauí,beleza,2020-08-19,,ativa,me,2020,8,19,,,
Jerumenha,atividades administrativas,2015-10-15,,ativa,me,2015,10,15,,,
João Costa,comércio,2017-01-03,2018-08-10,inativa,me,2017,1,3,2018.0,8.0,10.0
Joaquim Pires,serviços,2001-01-13,2016-03-28,ativa,médio/grande,2001,1,13,2016.0,3.0,28.0
Joca Marques,construção,2001-05-06,,ativa,pequeno,2001,5,6,,,
José de Freitas,saúde,2013-11-22,2001-10-17,inativa,pequeno,2013,11,22,2001.0,10.0,17.0
Juazeiro do Piauí,construção,2019-01-02,,ativa,mei,2019,1,2,,,
Júlio Borges,atividades técnicas,2016-07-24,2012-09-19,inativa,mei,2016,7,24,2012.0,9.0,19.0
Jurema,comércio,2019-11-08,,inativa,me,2019,11,8,,,
Lagoa Alegre,saúde,2014-06-07,2004-08-26,inativa,pequeno,2014,6,7,2004.0,8.0,26.0
Lagoa de São Francisco,saúde,2018-02-09,,inativa,mei,2018,2,9,,,
Lagoa do Barro do Piauí,atividades técnicas,2019-12-21,,inativa,pequeno,2019,12,21,,,
Lagoa do Piauí,construção,2011-11-08,,ativa,pequeno,2011,11,8,,,
Lagoa do Sítio,serviços,2007-10-06,,inativa,médio/grande,2007,10,6,,,
Lagoinha do Piauí,serviços,2002-12-08,,ativa,mei,2002,12,8,,,
Landri Sales,saúde,2003-03-26,,ativa,médio/grande,2003,3,26,,,
Luís Correia,atividades técnicas,2021-05-02,,inativa,médio/grande,2021,5,2,,,
Luzilândia,construção,2012-06-20,2024-02-18,inativa,me,2012,6,20,2024.0,2.0,18.0
Madeiro,atividades administrativas,2023-02-03,,inativa,médio/grande,2023,2,3,,,
Manoel Emídio,construção,2007-10-26,,inativa,me,2007,10,26,,,
Marcolândia,atividades administrativas,2003-10-11,,inativa,me,2003,10,11,,,
Marcos Parente,serviços,2007-01-24,,inativa,me,2007,1,24,,,
Massapê do Piauí,atividades administrativas,2023-05-26,2013-01-23,ativa,mei,2023,5,26,2013.0,1.0,23.0
Matias Olímpio,atividades administrativas,2014-09-14,2005-06-28,ativa,pequeno,2014,9,14,2005.0,6.0,28.0
Miguel Alves,serviços,2000-07-02,2010-04-13,inativa,pequeno,2000,7,2,2010.0,4.0,13.0
Miguel Leão,beleza,2005-03-21,,inativa,médio/grande,2005,3,21,,,
Milton Brandão,construção,2011-12-02,2015-01-10,inativa,mei,2011,12,2,2015.0,1.0,10.0
Monsenhor Gil,comércio,2004-11-13,,ativa,mei,2004,11,13,,,
Monsenhor Hipólito,construção,2002-02-08,2020-05-02,ativa,mei,2002,2,8,2020.0,5.0,2.0
Monte Alegre do Piauí,serviços,2023-11-29,,inativa,médio/grande,2023,11,29,,,
Morro Cabeça no Tempo,comércio,2011-08-24,,ativa,me,2011,8,24,,,
Morro do Chapéu do Piauí,beleza,2015-07-24,,inativa,mei,2015,7,24,,,
Murici dos Portelas,atividades administrativas,2023-03-14,,inativa,mei,2023,3,14,,,
Nazaré do Piauí,comércio,2010-03-26,,inativa,me,2010,3,26,,,
Nossa Senhora de Nazaré,atividades administrativas,2018-04-19,,ativa,médio/grande,2018,4,19,,,
Nossa Senhora dos Remédios,serviços,2011-11-16,,inativa,mei,2011,11,16,,,
Nova Santa Rita,beleza,2014-08-21,2005-04-04,inativa,me,2014,8,21,2005.0,4.0,4.0
Novo Oriente do Piauí,saúde,2020-07-13,2009-02-04,ativa,mei,2020,7,13,2009.0,2.0,4.0
Novo Santo Antônio,comércio,2005-04-01,,inativa,me,2005,4,1,,,
Oeiras,atividades técnicas,2008-01-06,2012-01-31,inativa,mei,2008,1,6,2012.0,1.0,31.0
Olho d'Água do Piauí,beleza,2003-03-28,,inativa,mei,2003,3,28,,,
Padre Marcos,comércio,2006-09-17,,inativa,médio/grande,2006,9,17,,,
Paes Landim,construção,2023-11-09,,ativa,mei,2023,11,9,,,
Pajeú do Piauí,serviços,2003-05-12,2001-11-10,inativa,médio/grande,2003,5,12,2001.0,11.0,10.0
Palmeira do Piauí,saúde,2008-05-16,2011-09-14,inativa,pequeno,2008,5,16,2011.0,9.0,14.0
Palmeirais,construção,2006-05-02,2019-08-08,ativa,me,2006,5,2,2019.0,8.0,8.0
Paquetá,beleza,2012-10-11,,inativa,médio/grande,2012,10,11,,,
Parnaguá,construção,2001-04-25,,ativa,me,2001,4,25,,,
Parnaíba,beleza,2005-04-20,2010-08-10,inativa,me,2005,4,20,2010.0,8.0,10.0
Passagem Franca do Piauí,construção,2006-02-02,2001-09-23,ativa,médio/grande,2006,2,2,2001.0,9.0,23.0
Patos do Piauí,comércio,2004-02-21,2022-10-10,inativa,me,2004,2,21,2022.0,10.0,10.0
Pau d'Arco do Piauí,atividades técnicas,2006-05-09,,ativa,mei,2006,5,9,,,
Paulistana,atividades administrativas,2021-04-24,,inativa,me,2021,4,24,,,
Pavussu,construção,2004-01-18,,inativa,médio/grande,2004,1,18,,,
Pedro II,saúde,2021-06-24,2001-10-22,inativa,me,2021,6,24,2001.0,10.0,22.0
Pedro Laurentino,saúde,2002-02-06,,ativa,me,2002,2,6,,,
Picos,serviços,2021-04-12,,ativa,me,2021,4,12,,,
Pimenteiras,atividades administrativas,2004-05-12,,ativa,médio/grande,2004,5,12,,,
Pio IX,atividades técnicas,2004-09-20,,ativa,pequeno,2004,9,20,,,
Piracuruca,comércio,2018-09-13,,inativa,pequeno,2018,9,13,,,
Piripiri,saúde,2014-02-02,2019-09-22,ativa,me,2014,2,2,2019.0,9.0,22.0
Porto,atividades administrativas,2018-01-24,2019-05-21,ativa,me,2018,1,24,2019.0,5.0,21.0
Porto Alegre do Piauí,atividades técnicas,2010-01-09,,inativa,mei,2010,1,9,,,
Prata do Piauí,atividades administrativas,2000-09-07,2015-07-27,ativa,mei,2000,9,7,2015.0,7.0,27.0
Queimada Nova,serviços,2010-12-03,,inativa,me,2010,12,3,,,
Redenção do Gurguéia,saúde,2020-04-02,,inativa,mei,2020,4,2,,,
Regeneração,beleza,2018-05-11,,inativa,médio/grande,2018,5,11,,,
Riacho Frio,saúde,2008-01-31,2024-02-16,ativa,médio/grande,2008,1,31,2024.0,2.0,16.0
Ribeira do Piauí,comércio,2016-06-16,,inativa,mei,2016,6,16,,,
Ribeiro Gonçalves,beleza,2001-08-05,,ativa,mei,2001,8,5,,,
Rio Grande do Piauí,comércio,2012-07-02,,ativa,pequeno,2012,7,2,,,
Santa Cruz do Piauí,atividades administrativas,2019-10-22,2011-04-15,inativa,médio/grande,2019,10,22,2011.0,4.0,15.0
Santa Cruz dos Milagres,atividades técnicas,2019-09-28,,inativa,mei,2019,9,28,,,
Santa Filomena,atividades técnicas,2019-12-04,,inativa,me,2019,12,4,,,
Santa Luz,atividades administrativas,2018-10-08,,ativa,me,2018,10,8,,,
Santa Rosa do Piauí,beleza,2022-09-08,,inativa,me,2022,9,8,,,
Santana do Piauí,saúde,2004-07-11,2013-11-22,inativa,médio/grande,2004,7,11,2013.0,11.0,22.0
Santo Antônio de Lisboa,saúde,2018-02-22,2010-07-23,inativa,médio/grande,2018,2,22,2010.0,7.0,23.0
Santo Antônio dos Milagres,serviços,2019-08-17,,inativa,mei,2019,8,17,,,
Santo Inácio do Piauí,comércio,2018-01-06,,inativa,me,2018,1,6,,,
São Braz do Piauí,atividades administrativas,2000-07-19,2007-04-07,ativa,pequeno,2000,7,19,2007.0,4.0,7.0
São Félix do Piauí,comércio,2018-02-07,2019-03-21,inativa,médio/grande,2018,2,7,2019.0,3.0,21.0
São Francisco de Assis do Piauí,comércio,2022-05-07,,inativa,médio/grande,2022,5,7,,,
São Francisco do Piauí,serviços,2009-03-09,,ativa,pequeno,2009,3,9,,,
São Gonçalo do Gurguéia,construção,2015-08-11,,ativa,pequeno,2015,8,11,,,
São Gonçalo do Piauí,beleza,2018-06-05,2000-10-26,ativa,pequeno,2018,6,5,2000.0,10.0,26.0
São João da Canabrava,comércio,2023-11-24,,ativa,me,2023,11,24,,,
São João da Fronteira,saúde,2011-03-13,,ativa,mei,2011,3,13,,,
São João da Serra,beleza,2000-10-18,,inativa,mei,2000,10,18,,,
São João da Varjota,construção,2023-10-15,2013-09-14,inativa,pequeno,2023,10,15,2013.0,9.0,14.0
São João do Arraial,construção,2021-12-12,,inativa,me,2021,12,12,,,
São João do Piauí,beleza,2021-03-26,2021-03-12,ativa,médio/grande,2021,3,26,2021.0,3.0,12.0
São José do Divino,saúde,2011-12-07,,inativa,mei,2011,12,7,,,
São José do Peixe,saúde,2011-11-11,,ativa,mei,2011,11,11,,,
São José do Piauí,atividades administrativas,2014-06-16,,inativa,mei,2014,6,16,,,
São Julião,atividades técnicas,2018-02-13,2004-12-31,inativa,pequeno,2018,2,13,2004.0,12.0,31.0
São Lourenço do Piauí,atividades técnicas,2005-06-25,2005-11-18,ativa,pequeno,2005,6,25,2005.0,11.0,18.0
São Luis do Piauí,construção,2017-05-26,2006-05-15,inativa,mei,2017,5,26,2006.0,5.0,15.0
São Miguel da Baixa Grande,saúde,2019-06-27,,inativa,mei,2019,6,27,,,
São Miguel do Fidalgo,comércio,2019-01-11,,inativa,médio/grande,2019,1,11,,,
São Miguel do Tapuio,saúde,2002-06-13,,ativa,médio/grande,2002,6,13,,,
São Pedro do Piauí,beleza,2007-06-06,2001-07-03,ativa,pequeno,2007,6,6,2001.0,7.0,3.0
São Raimundo Nonato,construção,2002-09-30,,inativa,médio/grande,2002,9,30,,,
Sebastião Barros,serviços,2001-02-19,,ativa,médio/grande,2001,2,19,,,
Sebastião Leal,saúde,2021-07-08,,inativa,médio/grande,2021,7,8,,,
Sigefredo Pacheco,comércio,2010-11-21,2021-04-17,inativa,mei,2010,11,21,2021.0,4.0,17.0
Simões,comércio,2003-04-11,,inativa,médio/grande,2003,4,11,,,
Simplício Mendes,atividades administrativas,2020-10-01,,inativa,me,2020,10,1,,,
Socorro do Piauí,saúde,2016-07-07,,inativa,me,2016,7,7,,,
Sussuapara,atividades administrativas,2000-09-23,,inativa,médio/grande,2000,9,23,,,
Tamboril do Piauí,atividades administrativas,2009-04-14,,inativa,me,2009,4,14,,,
Tanque do Piauí,beleza,2004-09-11,,ativa,médio/grande,2004,9,11,,,
Teresina,atividades técnicas,2016-05-07,,ativa,mei,2016,5,7,,,
União,atividades técnicas,2022-10-22,2019-07-29,ativa,médio/grande,2022,10,22,2019.0,7.0,29.0
Uruçuí,construção,2022-05-06,,inativa,médio/grande,2022,5,6,,,
Valença do Piauí,atividades administrativas,2006-07-05,,inativa,pequeno,2006,7,5,,,
Várzea Branca,beleza,2008-03-03,,ativa,médio/grande,2008,3,3,,,
Várzea Grande,construção,2015-07-15,,inativa,pequeno,2015,7,15,,,
Vera Mendes,beleza,2005-02-02,,inativa,mei,2005,2,2,,,
Vila Nova do Piauí,atividades técnicas,2007-05-09,,ativa,me,2007,5,9,,,
Wall Ferraz,serviços,2009-05-13,,ativa,pequeno,2009,5,13,,,
Acauã,atividades administrativas,2024-02-16,2020-04-09,inativa,mei,2024,2,16,2020.0,4.0,9.0
Agricolândia,atividades técnicas,2010-08-12,2019-11-13,ativa,médio/grande,2010,8,12,2019.0,11.0,13.0
Água Branca,atividades técnicas,2018-12-09,,inativa,médio/grande,2018,12,9,,,
Alagoinha do Piauí,saúde,2005-01-16,,inativa,pequeno,2005,1,16,,,
Alegrete do Piauí,construção,2011-11-12,,inativa,mei,2011,11,12,,,
Alto Longá,beleza,2002-03-05,,ativa,me,2002,3,5,,,
Altos,serviços,2001-04-07,,ativa,me,2001,4,7,,,
Alvorada do Gurguéia,construção,2009-08-21,2013-08-02,inativa,me,2009,8,21,2013.0,8.0,2.0
Amarante,saúde,2021-09-13,,inativa,mei,2021,9,13,,,
Angical do Piauí,comércio,2011-09-24,2011-11-24,inativa,pequeno,2011,9,24,2011.0,11.0,24.0
Anísio de Abreu,construção,2006-10-10,,ativa,médio/grande,2006,10,10,,,
Antônio Almeida,atividades administrativas,2019-01-22,,inativa,mei,2019,1,22,,,
Aroazes,atividades administrativas,2018-04-30,,ativa,mei,2018,4,30,,,
Aroeiras do Itaim,atividades administrativas,2020-12-21,,inativa,pequeno,2020,12,21,,,
Arraial,saúde,2003-10-11,2009-08-27,ativa,pequeno,2003,10,11,2009.0,8.0,27.0
Assunção do Piauí,construção,2014-01-06,,ativa,mei,2014,1,6,,,
Avelino Lopes,serviços,2019-11-28,2002-07-31,inativa,mei,2019,11,28,2002.0,7.0,31.0
Baixa Grande do Ribeiro,atividades técnicas,2021-07-30,,ativa,me,2021,7,30,,,
Barra d'Alcântara,saúde,2005-12-21,2015-09-02,ativa,médio/grande,2005,12,21,2015.0,9.0,2.0
Barras,atividades técnicas,2024-05-07,,ativa,mei,2024,5,7,,,
Barro Duro,atividades administrativas,2010-08-19,,inativa,pequeno,2010,8,19,,,
Batalha,comércio,2010-11-08,,inativa,mei,2010,11,8,,,
Bela Vista do Piauí,serviços,2001-04-18,,ativa,mei,2001,4,18,,,
Belém do Piauí,beleza,2012-03-07,,ativa,me,2012,3,7,,,
Beneditinos,beleza,2008-07-04,2011-03-08,ativa,mei,2008,7,4,2011.0,3.0,8.0
Bertolínia,serviços,2010-11-20,,ativa,pequeno,2010,11,20,,,
Betânia do Piauí,serviços,2001-10-18,,ativa,pequeno,2001,10,18,,,
Boa Hora,saúde,2021-02-23,,inativa,médio/grande,2021,2,23,,,
Bocaina,beleza,2019-08-06,2007-07-28,ativa,me,2019,8,6,2007.0,7.0,28.0
Bom Jesus,serviços,2006-09-24,,inativa,mei,2006,9,24,,,
Bom Princípio do Piauí,saúde,2018-06-16,,ativa,médio/grande,2018,6,16,,,
Bonfim do Piauí,atividades administrativas,2010-01-17,,ativa,médio/grande,2010,1,17,,,
Boqueirão do Piauí,comércio,2005-03-25,2008-04-05,inativa,mei,2005,3,25,2008.0,4.0,5.0
Brasileira,serviços,2017-02-28,2017-09-04,inativa,pequeno,2017,2,28,2017.0,9.0,4.0
Brejo do Piauí,saúde,2010-10-23,,ativa,mei,2010,10,23,,,
Buriti dos Lopes,beleza,2020-01-09,,inativa,médio/grande,2020,1,9,,,
Buriti dos Montes,comércio,2013-02-11,,inativa,pequeno,2013,2,11,,,
Cabeceiras do Piauí,serviços,2021-06-20,2015-07-03,inativa,me,2021,6,20,2015.0,7.0,3.0
Cajazeiras do Piauí,beleza,2006-01-15,2011-07-06,inativa,médio/grande,2006,1,15,2011.0,7.0,6.0
Cajueiro da Praia,serviços,2023-07-08,,inativa,pequeno,2023,7,8,,,
Caldeirão Grande do Piauí,beleza,2005-05-08,,inativa,médio/grande,2005,5,8,,,
Campinas do Piauí,comércio,2007-04-16,2012-03-27,ativa,me,2007,4,16,2012.0,3.0,27.0
Campo Alegre do Fidalgo,saúde,2003-04-07,,ativa,médio/grande,2003,4,7,,,
Campo Grande do Piauí,construção,2012-09-14,2014-01-14,ativa,me,2012,9,14,2014.0,1.0,14.0
Campo Largo do Piauí,construção,2007-08-06,2007-01-28,inativa,pequeno,2007,8,6,2007.0,1.0,28.0
Campo Maior,beleza,2005-11-07,,ativa,me,2005,11,7,,,
Canavieira,atividades técnicas,2016-11-27,,inativa,mei,2016,11,27,,,
Canto do Buriti,comércio,2010-09-02,,ativa,me,2010,9,2,,,
Capitão de Campos,saúde,2019-01-21,,inativa,me,2019,1,21,,,
Capitão Gervásio Oliveira,construção,2011-11-21,,inativa,me,2011,11,21,,,
Caracol,serviços,2003-09-06,,inativa,médio/grande,2003,9,6,,,
Caraúbas do Piauí,construção,2003-12-18,2018-10-27,inativa,mei,2003,12,18,2018.0,10.0,27.0
Caridade do Piauí,serviços,2022-02-04,,ativa,pequeno,2022,2,4,,,
Castelo do Piauí,construção,2003-05-12,,ativa,me,2003,5,12,,,
Caxingó,comércio,2018-01-05,2014-12-27,inativa,pequeno,2018,1,5,2014.0,12.0,27.0
Cocal,saúde,2005-07-09,,ativa,mei,2005,7,9,,,
Cocal de Telha,atividades técnicas,2013-10-05,2012-04-13,ativa,pequeno,2013,10,5,2012.0,4.0,13.0
Cocal dos Alves,beleza,2024-04-22,2010-02-26,ativa,mei,2024,4,22,2010.0,2.0,26.0
Coivaras,serviços,2001-04-27,2016-06-26,inativa,mei,2001,4,27,2016.0,6.0,26.0
Colônia do Gurguéia,beleza,2018-01-11,2004-11-15,inativa,mei,2018,1,11,2004.0,11.0,15.0
Colônia do Piauí,serviços,2003-08-01,,ativa,me,2003,8,1,,,
Conceição do Canindé,atividades administrativas,2017-01-07,,inativa,mei,2017,1,7,,,
Coronel José Dias,serviços,2013-04-17,2018-05-19,inativa,mei,2013,4,17,2018.0,5.0,19.0
Corrente,saúde,2003-07-10,,ativa,mei,2003,7,10,,,
Cristalândia do Piauí,atividades administrativas,2002-11-10,,ativa,me,2002,11,10,,,
Cristino Castro,comércio,2010-09-16,,inativa,mei,2010,9,16,,,
Curimatá,serviços,2007-05-18,2002-10-26,inativa,me,2007,5,18,2002.0,10.0,26.0
Currais,atividades técnicas,2007-02-10,2010-04-05,ativa,pequeno,2007,2,10,2010.0,4.0,5.0
Curral Novo do Piauí,construção,2020-04-18,,ativa,me,2020,4,18,,,
Curralinhos,atividades técnicas,2019-08-09,2016-05-29,inativa,mei,2019,8,9,2016.0,5.0,29.0
Demerval Lobão,saúde,2024-04-13,,ativa,pequeno,2024,4,13,,,
Dirceu Arcoverde,beleza,2021-11-26,2016-10-06,ativa,médio/grande,2021,11,26,2016.0,10.0,6.0
Dom Expedito Lopes,atividades administrativas,2001-05-28,2002-03-22,ativa,médio/grande,2001,5,28,2002.0,3.0,22.0
Dom Inocêncio,saúde,2003-05-08,,inativa,médio/grande,2003,5,8,,,
Domingos Mourão,beleza,2003-09-10,2020-06-05,ativa,me,2003,9,10,2020.0,6.0,5.0
Elesbão Veloso,serviços,2004-09-19,,inativa,me,2004,9,19,,,
Eliseu Martins,construção,2014-08-26,,inativa,médio/grande,2014,8,26,,,
Esperantina,beleza,2023-11-01,2018-02-09,ativa,me,2023,11,1,2018.0,2.0,9.0
Fartura do Piauí,atividades técnicas,2011-02-02,,inativa,mei,2011,2,2,,,
Flores do Piauí,atividades administrativas,2014-04-02,2015-03-20,inativa,pequeno,2014,4,2,2015.0,3.0,20.0
Floresta do Piauí,atividades técnicas,2011-02-08,,inativa,pequeno,2011,2,8,,,
Floriano,saúde,2020-04-27,2006-10-08,inativa,pequeno,2020,4,27,2006.0,10.0,8.0
Francinópolis,atividades técnicas,2017-04-07,2010-01-13,ativa,médio/grande,2017,4,7,2010.0,1.0,13.0
Francisco Ayres,atividades administrativas,2002-06-13,,ativa,me,2002,6,13,,,
Francisco Macedo,serviços,2007-10-22,2010-12-27,ativa,me,2007,10,22,2010.0,12.0,27.0
Francisco Santos,saúde,2015-11-13,,ativa,mei,2015,11,13,,,
Fronteiras,beleza,2023-02-14,,inativa,pequeno,2023,2,14,,,
Geminiano,saúde,2017-05-26,,inativa,mei,2017,5,26,,,
Gilbués,saúde,2022-06-24,,ativa,mei,2022,6,24,,,
Guadalupe,comércio,2017-12-24,2017-05-03,ativa,mei,2017,12,24,2017.0,5.0,3.0
Guaribas,atividades técnicas,2006-03-25,,inativa,mei,2006,3,25,,,
Hugo Napoleão,construção,2009-07-24,2007-06-05,inativa,me,2009,7,24,2007.0,6.0,5.0
Ilha Grande,saúde,2018-09-09,,ativa,me,2018,9,9,,,
Inhuma,construção,2006-11-03,,inativa,pequeno,2006,11,3,,,
Ipirá,comércio,2011-03-01,2005-09-22,inativa,pequeno,2011,3,1,2005.0,9.0,22.0
Isaías Coelho,beleza,2014-08-03,,inativa,pequeno,2014,8,3,,,
Itainópolis,serviços,2015-11-17,2016-11-05,ativa,pequeno,2015,11,17,2016.0,11.0,5.0
Itaueira,comércio,2012-11-28,,inativa,pequeno,2012,11,28,,,
Jacobina do Piauí,atividades administrativas,2012-02-28,,ativa,médio/grande,2012,2,28,,,
Jaicós,saúde,2014-08-28,,ativa,mei,2014,8,28,,,
Jardim do Mulato,construção,2022-06-28,,ativa,médio/grande,2022,6,28,,,
Jatobá do Piauí,beleza,2019-03-05,2001-04-29,inativa,mei,2019,3,5,2001.0,4.0,29.0
Jerumenha,atividades técnicas,2018-10-13,2010-03-10,inativa,pequeno,2018,10,13,2010.0,3.0,10.0
João Costa,atividades técnicas,2013-10-17,2021-10-15,ativa,me,2013,10,17,2021.0,10.0,15.0
Joaquim Pires,saúde,2013-02-02,2006-05-23,ativa,me,2013,2,2,2006.0,5.0,23.0
Joca Marques,saúde,2019-01-25,,inativa,mei,2019,1,25,,,
José de Freitas,beleza,2007-09-06,,inativa,me,2007,9,6,,,
Juazeiro do Piauí,construção,2018-09-03,,ativa,me,2018,9,3,,,
Júlio Borges,comércio,2009-03-24,2008-10-10,inativa,pequeno,2009,3,24,2008.0,10.0,10.0
Jurema,construção,2011-11-14,,inativa,médio/grande,2011,11,14,,,
Lagoa Alegre,comércio,2008-08-23,2021-12-26,ativa,pequeno,2008,8,23,2021.0,12.0,26.0
Lagoa de São Francisco,atividades técnicas,2011-03-14,2001-12-05,ativa,mei,2011,3,14,2001.0,12.0,5.0
Lagoa do Barro do Piauí,atividades técnicas,2004-03-13,2001-01-18,ativa,me,2004,3,13,2001.0,1.0,18.0
Lagoa do Piauí,atividades administrativas,2009-11-08,,ativa,médio/grande,2009,11,8,,,
Lagoa do Sítio,atividades administrativas,2012-04-30,,ativa,pequeno,2012,4,30,,,
Lagoinha do Piauí,serviços,2002-08-20,2012-06-07,inativa,mei,2002,8,20,2012.0,6.0,7.0
Landri Sales,saúde,2014-02-06,2019-10-18,ativa,pequeno,2014,2,6,2019.0,10.0,18.0
Luís Correia,saúde,2019-08-02,2011-05-09,inativa,médio/grande,2019,8,2,2011.0,5.0,9.0
Luzilândia,serviços,2020-10-11,2004-05-28,ativa,pequeno,2020,10,11,2004.0,5.0,28.0
Madeiro,beleza,2023-07-24,,ativa,pequeno,2023,7,24,,,
Manoel Emídio,beleza,2018-04-28,2023-11-03,ativa,mei,2018,4,28,2023.0,11.0,3.0
Marcolândia,atividades administrativas,2010-03-13,2013-06-18,inativa,me,2010,3,13,2013.0,6.0,18.0
Marcos Parente,comércio,2017-03-26,2008-01-28,inativa,mei,2017,3,26,2008.0,1.0,28.0
Massapê do Piauí,serviços,2022-09-21,2001-09-19,inativa,pequeno,2022,9,21,2001.0,9.0,19.0
Matias Olímpio,comércio,2021-07-05,,ativa,médio/grande,2021,7,5,,,
Miguel Alves,serviços,2015-07-04,,inativa,pequeno,2015,7,4,,,
Miguel Leão,serviços,2014-12-01,2008-07-15,ativa,pequeno,2014,12,1,2008.0,7.0,15.0
Milton Brandão,beleza,2002-04-30,,inativa,mei,2002,4,30,,,
Monsenhor Gil,comércio,2006-08-17,2010-04-21,inativa,pequeno,2006,8,17,2010.0,4.0,21.0
Monsenhor Hipólito,atividades administrativas,2009-10-28,,inativa,médio/grande,2009,10,28,,,
Monte Alegre do Piauí,saúde,2002-03-29,,ativa,médio/grande,2002,3,29,,,
Morro Cabeça no Tempo,atividades administrativas,2009-07-21,,inativa,pequeno,2009,7,21,,,
Morro do Chapéu do Piauí,atividades técnicas,2005-09-21,2023-12-28,inativa,mei,2005,9,21,2023.0,12.0,28.0
Murici dos Portelas,beleza,2013-07-03,,ativa,me,2013,7,3,,,
Nazaré do Piauí,atividades administrativas,2015-12-06,2010-02-18,ativa,pequeno,2015,12,6,2010.0,2.0,18.0
Nossa Senhora de Nazaré,serviços,2015-03-30,2012-02-23,ativa,mei,2015,3,30,2012.0,2.0,23.0
Nossa Senhora dos Remédios,serviços,2010-04-23,2003-02-28,ativa,pequeno,2010,4,23,2003.0,2.0,28.0
Nova Santa Rita,atividades técnicas,2010-04-30,,inativa,mei,2010,4,30,,,
Novo Oriente do Piauí,construção,2009-03-28,,ativa,mei,2009,3,28,,,
Novo Santo Antônio,saúde,2019-06-03,2021-07-04,inativa,me,2019,6,3,2021.0,7.0,4.0
Oeiras,comércio,2005-08-24,,inativa,médio/grande,2005,8,24,,,
Olho d'Água do Piauí,construção,2007-11-29,2008-08-23,inativa,pequeno,2007,11,29,2008.0,8.0,23.0
Padre Marcos,atividades técnicas,2004-06-29,,inativa,médio/grande,2004,6,29,,,
Paes Landim,serviços,2017-03-24,,ativa,pequeno,2017,3,24,,,
Pajeú do Piauí,atividades administrativas,2014-09-19,,inativa,mei,2014,9,19,,,
Palmeira do Piauí,comércio,2003-03-24,,inativa,médio/grande,2003,3,24,,,
Palmeirais,beleza,2013-04-08,2014-05-19,inativa,mei,2013,4,8,2014.0,5.0,19.0
Paquetá,saúde,2008-04-17,,inativa,mei,2008,4,17,,,
Parnaguá,comércio,2007-10-08,,ativa,médio/grande,2007,10,8,,,
Parnaíba,beleza,2023-09-11,2002-06-07,ativa,mei,2023,9,11,2002.0,6.0,7.0
Passagem Franca do Piauí,comércio,2018-07-06,,inativa,me,2018,7,6,,,
Patos do Piauí,saúde,2023-12-05,2014-09-02,ativa,médio/grande,2023,12,5,2014.0,9.0,2.0
Pau d'Arco do Piauí,comércio,2007-09-24,,inativa,me,2007,9,24,,,
Paulistana,comércio,2021-12-12,2007-02-24,inativa,me,2021,12,12,2007.0,2.0,24.0
Pavussu,saúde,2006-12-06,,ativa,me,2006,12,6,,,
Pedro II,serviços,2014-05-18,,ativa,pequeno,2014,5,18,,,
Pedro Laurentino,construção,2017-11-13,,inativa,pequeno,2017,11,13,,,
Picos,atividades administrativas,2002-09-16,2015-03-13,inativa,médio/grande,2002,9,16,2015.0,3.0,13.0
Pimenteiras,atividades administrativas,2013-10-16,,ativa,pequeno,2013,10,16,,,
Pio IX,saúde,2017-11-25,,inativa,médio/grande,2017,11,25,,,
Piracuruca,saúde,2002-11-16,2001-02-08,inativa,me,2002,11,16,2001.0,2.0,8.0
Piripiri,serviços,2019-05-01,,inativa,mei,2019,5,1,,,
Porto,serviços,2013-08-28,,inativa,pequeno,2013,8,28,,,
Porto Alegre do Piauí,serviços,2010-08-12,,ativa,me,2010,8,12,,,
Prata do Piauí,atividades administrativas,2014-01-06,,ativa,mei,2014,1,6,,,
Queimada Nova,beleza,2005-08-08,,ativa,me,2005,8,8,,,
Redenção do Gurguéia,saúde,2023-07-10,2023-04-28,ativa,médio/grande,2023,7,10,2023.0,4.0,28.0
Regeneração,construção,2011-07-04,,inativa,mei,2011,7,4,,,
Riacho Frio,saúde,2002-03-13,,inativa,médio/grande,2002,3,13,,,
Ribeira do Piauí,beleza,2007-08-02,,inativa,mei,2007,8,2,,,
Ribeiro Gonçalves,comércio,2006-10-22,2010-11-13,ativa,pequeno,2006,10,22,2010.0,11.0,13.0
Rio Grande do Piauí,atividades técnicas,2015-11-17,,inativa,me,2015,11,17,,,
Santa Cruz do Piauí,atividades técnicas,2013-11-28,,ativa,mei,2013,11,28,,,
Santa Cruz dos Milagres,atividades técnicas,2012-02-08,,inativa,médio/grande,2012,2,8,,,
Santa Filomena,atividades administrativas,2019-11-19,,ativa,mei,2019,11,19,,,
Santa Luz,beleza,2021-10-18,2004-02-02,inativa,mei,2021,10,18,2004.0,2.0,2.0
Santa Rosa do Piauí,atividades técnicas,2017-11-03,,inativa,médio/grande,2017,11,3,,,
Santana do Piauí,saúde,2004-04-25,,ativa,mei,2004,4,25,,,
Santo Antônio de Lisboa,serviços,2014-03-24,,ativa,pequeno,2014,3,24,,,
Santo Antônio dos Milagres,serviços,2010-10-21,,inativa,médio/grande,2010,10,21,,,
Santo Inácio do Piauí,serviços,2012-08-07,,ativa,me,2012,8,7,,,
São Braz do Piauí,atividades administrativas,2021-09-24,2002-02-21,inativa,me,2021,9,24,2002.0,2.0,21.0
São Félix do Piauí,construção,2023-02-16,,ativa,médio/grande,2023,2,16,,,
São Francisco de Assis do Piauí,serviços,2023-02-21,,inativa,me,2023,2,21,,,
São Francisco do Piauí,atividades administrativas,2022-04-28,,ativa,pequeno,2022,4,28,,,
São Gonçalo do Gurguéia,serviços,2020-07-15,2022-01-09,inativa,mei,2020,7,15,2022.0,1.0,9.0
São Gonçalo do Piauí,construção,2008-07-03,,ativa,pequeno,2008,7,3,,,
São João da Canabrava,saúde,2002-10-24,,ativa,me,2002,10,24,,,
São João da Fronteira,saúde,2005-04-04,,ativa,médio/grande,2005,4,4,,,
São João da Serra,construção,2013-02-04,,ativa,mei,2013,2,4,,,
São João da Varjota,comércio,2017-12-03,,inativa,médio/grande,2017,12,3,,,
São João do Arraial,construção,2022-08-22,2009-06-15,inativa,me,2022,8,22,2009.0,6.0,15.0
São João do Piauí,saúde,2012-01-08,2014-05-06,inativa,médio/grande,2012,1,8,2014.0,5.0,6.0
São José do Divino,construção,2021-07-10,2002-12-27,inativa,pequeno,2021,7,10,2002.0,12.0,27.0
São José do Peixe,serviços,2008-10-30,,inativa,me,2008,10,30,,,
São José do Piauí,beleza,2021-07-09,2006-01-08,inativa,me,2021,7,9,2006.0,1.0,8.0
São Julião,beleza,2000-07-17,2015-08-12,ativa,pequeno,2000,7,17,2015.0,8.0,12.0
São Lourenço do Piauí,atividades técnicas,2014-10-17,,inativa,pequeno,2014,10,17,,,
São Luis do Piauí,atividades técnicas,2013-09-12,,ativa,médio/grande,2013,9,12,,,
São Miguel da Baixa Grande,saúde,2010-02-07,,inativa,médio/grande,2010,2,7,,,
São Miguel do Fidalgo,serviços,2006-12-15,2011-07-11,ativa,médio/grande,2006,12,15,2011.0,7.0,11.0
São Miguel do Tapuio,comércio,2022-01-25,2019-09-29,inativa,pequeno,2022,1,25,2019.0,9.0,29.0
São Pedro do Piauí,saúde,2008-07-10,,ativa,mei,2008,7,10,,,
São Raimundo Nonato,beleza,2014-02-23,2012-03-19,ativa,me,2014,2,23,2012.0,3.0,19.0
Sebastião Barros,atividades técnicas,2022-01-06,,ativa,pequeno,2022,1,6,,,
Sebastião Leal,atividades técnicas,2016-06-23,,inativa,médio/grande,2016,6,23,,,
Sigefredo Pacheco,serviços,2023-10-18,2003-07-30,ativa,mei,2023,10,18,2003.0,7.0,30.0
Simões,atividades administrativas,2008-03-25,2011-04-10,ativa,pequeno,2008,3,25,2011.0,4.0,10.0
Simplício Mendes,serviços,2022-09-10,,inativa,mei,2022,9,10,,,
Socorro do Piauí,comércio,2005-10-29,2002-09-20,ativa,médio/grande,2005,10,29,2002.0,9.0,20.0
Sussuapara,comércio,2023-09-27,2014-06-11,ativa,mei,2023,9,27,2014.0,6.0,11.0
Tamboril do Piauí,comércio,2011-08-01,2002-02-25,ativa,me,2011,8,1,2002.0,2.0,25.0
Tanque do Piauí,comércio,2016-06-15,,inativa,me,2016,6,15,,,
Teresina,serviços,2010-05-24,,inativa,mei,2010,5,24,,,
União,construção,2005-11-21,,inativa,me,2005,11,21,,,
Uruçuí,beleza,2001-11-27,2005-08-23,inativa,médio/grande,2001,11,27,2005.0,8.0,23.0
Valença do Piauí,beleza,2017-09-09,,inativa,médio/grande,2017,9,9,,,
Várzea Branca,beleza,2010-09-16,2006-06-20,inativa,mei,2010,9,16,2006.0,6.0,20.0
Várzea Grande,atividades administrativas,2016-07-24,2018-12-23,inativa,pequeno,2016,7,24,2018.0,12.0,23.0
Vera Mendes,atividades técnicas,2005-07-18,,inativa,médio/grande,2005,7,18,,,
Vila Nova do Piauí,atividades técnicas,2016-09-25,,ativa,me,2016,9,25,,,
Wall Ferraz,comércio,2008-06-13,2004-02-28,inativa,médio/grande,2008,6,13,2004.0,2.0,28.0
Acauã,atividades administrativas,2010-04-11,,ativa,médio/grande,2010,4,11,,,
Agricolândia,serviços,2012-09-16,,inativa,mei,2012,9,16,,,
Água Branca,serviços,2010-06-06,,inativa,médio/grande,2010,6,6,,,
Alagoinha do Piauí,saúde,2009-07-20,,ativa,me,2009,7,20,,,
Alegrete do Piauí,serviços,2008-12-21,2003-07-10,ativa,me,2008,12,21,2003.0,7.0,10.0
Alto Longá,construção,2020-12-19,,ativa,mei,2020,12,19,,,
Altos,atividades administrativas,2008-07-11,2007-08-19,inativa,mei,2008,7,11,2007.0,8.0,19.0
Alvorada do Gurguéia,saúde,2004-08-29,,inativa,me,2004,8,29,,,
Amarante,comércio,2007-10-15,2018-06-02,ativa,médio/grande,2007,10,15,2018.0,6.0,2.0
Angical do Piauí,atividades administrativas,2001-04-11,,ativa,mei,2001,4,11,,,
Anísio de Abreu,atividades administrativas,2009-12-17,,ativa,pequeno,2009,12,17,,,
Antônio Almeida,atividades administrativas,2015-07-07,,inativa,mei,2015,7,7,,,
Aroazes,comércio,2017-01-21,,ativa,me,2017,1,21,,,
Aroeiras do Itaim,beleza,2011-10-05,2009-03-28,ativa,me,2011,10,5,2009.0,3.0,28.0
Arraial,beleza,2004-12-15,2006-02-05,inativa,mei,2004,12,15,2006.0,2.0,5.0
Assunção do Piauí,atividades técnicas,2020-01-29,,inativa,pequeno,2020,1,29,,,
Avelino Lopes,saúde,2018-12-27,2010-06-22,ativa,médio/grande,2018,12,27,2010.0,6.0,22.0
Baixa Grande do Ribeiro,atividades técnicas,2022-11-26,,inativa,pequeno,2022,11,26,,,
Barra d'Alcântara,comércio,2007-07-22,2019-01-16,ativa,mei,2007,7,22,2019.0,1.0,16.0
Barras,construção,2013-05-24,2002-08-06,inativa,pequeno,2013,5,24,2002.0,8.0,6.0
Barro Duro,serviços,2008-01-04,,inativa,pequeno,2008,1,4,,,
Batalha,comércio,2003-05-04,,ativa,pequeno,2003,5,4,,,
Bela Vista do Piauí,beleza,2008-04-28,,ativa,mei,2008,4,28,,,
Belém do Piauí,atividades técnicas,2001-11-07,2006-09-10,inativa,mei,2001,11,7,2006.0,9.0,10.0
Beneditinos,comércio,2007-10-31,,inativa,me,2007,10,31,,,
Bertolínia,atividades administrativas,2016-07-29,2016-10-22,ativa,mei,2016,7,29,2016.0,10.0,22.0
Betânia do Piauí,serviços,2015-01-12,,inativa,me,2015,1,12,,,
Boa Hora,atividades administrativas,2011-07-19,2024-04-08,ativa,médio/grande,2011,7,19,2024.0,4.0,8.0
Bocaina,construção,2017-11-30,2002-05-09,inativa,me,2017,11,30,2002.0,5.0,9.0
Bom Jesus,saúde,2014-01-29,,inativa,me,2014,1,29,,,
Bom Princípio do Piauí,comércio,2015-02-12,2005-03-23,ativa,me,2015,2,12,2005.0,3.0,23.0
Bonfim do Piauí,atividades administrativas,2010-03-02,,ativa,me,2010,3,2,,,
Boqueirão do Piauí,beleza,2002-07-11,,ativa,me,2002,7,11,,,
Brasileira,serviços,2007-10-14,,ativa,me,2007,10,14,,,
Brejo do Piauí,atividades técnicas,2021-07-17,2005-10-17,ativa,me,2021,7,17,2005.0,10.0,17.0
Buriti dos Lopes,saúde,2009-07-01,,ativa,pequeno,2009,7,1,,,
Buriti dos Montes,beleza,2022-03-20,2023-09-18,inativa,pequeno,2022,3,20,2023.0,9.0,18.0
Cabeceiras do Piauí,saúde,2013-06-14,,inativa,me,2013,6,14,,,
Cajazeiras do Piauí,atividades administrativas,2011-03-09,2007-02-28,ativa,mei,2011,3,9,2007.0,2.0,28.0
Cajueiro da Praia,atividades administrativas,2021-07-21,,inativa,médio/grande,2021,7,21,,,
Caldeirão Grande do Piauí,serviços,2010-10-24,,inativa,pequeno,2010,10,24,,,
Campinas do Piauí,atividades administrativas,2009-12-16,,ativa,mei,2009,12,16,,,
Campo Alegre do Fidalgo,atividades administrativas,2013-01-03,,inativa,me,2013,1,3,,,
Campo Grande do Piauí,comércio,2001-12-31,,inativa,me,2001,12,31,,,
Campo Largo do Piauí,beleza,2004-04-03,2016-08-13,ativa,médio/grande,2004,4,3,2016.0,8.0,13.0
Campo Maior,construção,2013-07-11,2019-12-23,ativa,médio/grande,2013,7,11,2019.0,12.0,23.0
Canavieira,atividades administrativas,2019-06-26,,ativa,pequeno,2019,6,26,,,
Canto do Buriti,saúde,2013-03-18,2004-06-28,inativa,pequeno,2013,3,18,2004.0,6.0,28.0
Capitão de Campos,beleza,2020-09-30,,ativa,me,2020,9,30,,,
Capitão Gervásio Oliveira,beleza,2002-12-09,,ativa,pequeno,2002,12,9,,,
Caracol,construção,2016-04-05,,ativa,médio/grande,2016,4,5,,,
Caraúbas do Piauí,atividades técnicas,2008-07-14,2008-09-06,ativa,médio/grande,2008,7,14,2008.0,9.0,6.0
Caridade do Piauí,beleza,2023-01-09,,ativa,médio/grande,2023,1,9,,,
Castelo do Piauí,saúde,2000-09-03,,ativa,pequeno,2000,9,3,,,
Caxingó,saúde,2011-01-07,,inativa,mei,2011,1,7,,,
Cocal,atividades administrativas,2021-09-18,,ativa,médio/grande,2021,9,18,,,
Cocal de Telha,beleza,2023-04-24,,ativa,pequeno,2023,4,24,,,
Cocal dos Alves,serviços,2017-10-07,2022-03-10,inativa,pequeno,2017,10,7,2022.0,3.0,10.0
Coivaras,comércio,2009-08-07,,ativa,médio/grande,2009,8,7,,,
Colônia do Gurguéia,serviços,2009-08-21,,inativa,mei,2009,8,21,,,
Colônia do Piauí,atividades técnicas,2013-03-29,,ativa,pequeno,2013,3,29,,,
Conceição do Canindé,serviços,2015-03-15,,ativa,me,2015,3,15,,,
Coronel José Dias,atividades técnicas,2017-01-26,2015-12-20,inativa,mei,2017,1,26,2015.0,12.0,20.0
Corrente,atividades técnicas,2014-05-06,2021-08-15,inativa,mei,2014,5,6,2021.0,8.0,15.0
Cristalândia do Piauí,comércio,2023-02-13,2020-05-30,inativa,pequeno,2023,2,13,2020.0,5.0,30.0
Cristino Castro,beleza,2023-03-04,,ativa,mei,2023,3,4,,,
Curimatá,serviços,2007-05-27,2005-10-25,inativa,mei,2007,5,27,2005.0,10.0,25.0
Currais,saúde,2002-09-22,,ativa,médio/grande,2002,9,22,,,
Curral Novo do Piauí,comércio,2021-02-26,,inativa,mei,2021,2,26,,,
Curralinhos,saúde,2009-06-16,2023-03-21,inativa,mei,2009,6,16,2023.0,3.0,21.0
Demerval Lobão,comércio,2023-04-13,2012-06-29,ativa,pequeno,2023,4,13,2012.0,6.0,29.0
Dirceu Arcoverde,beleza,2004-07-04,2019-07-18,ativa,mei,2004,7,4,2019.0,7.0,18.0
Dom Expedito Lopes,beleza,2024-05-28,,ativa,mei,2024,5,28,,,
Dom Inocêncio,saúde,2001-06-05,,inativa,pequeno,2001,6,5,,,
Domingos Mourão,serviços,2013-11-22,,inativa,pequeno,2013,11,22,,,
Elesbão Veloso,saúde,2021-07-06,,ativa,me,2021,7,6,,,
Eliseu Martins,comércio,2004-10-04,,ativa,pequeno,2004,10,4,,,
Esperantina,serviços,2011-12-12,2004-09-07,inativa,mei,2011,12,12,2004.0,9.0,7.0
Fartura do Piauí,comércio,2017-04-12,2009-09-13,inativa,médio/grande,2017,4,12,2009.0,9.0,13.0
Flores do Piauí,serviços,2001-02-27,,ativa,mei,2001,2,27,,,
Floresta do Piauí,comércio,2008-12-27,2007-07-12,inativa,mei,2008,12,27,2007.0,7.0,12.0
Floriano,construção,2001-01-26,,ativa,me,2001,1,26,,,
Francinópolis,saúde,2003-07-05,,inativa,me,2003,7,5,,,
Francisco Ayres,atividades técnicas,2011-12-16,,inativa,me,2011,12,16,,,
Francisco Macedo,atividades administrativas,2008-11-01,2001-08-20,inativa,mei,2008,11,1,2001.0,8.0,20.0
Francisco Santos,construção,2006-01-22,,inativa,pequeno,2006,1,22,,,
Fronteiras,construção,2015-09-16,2017-02-19,ativa,mei,2015,9,16,2017.0,2.0,19.0
Geminiano,serviços,2001-10-02,,ativa,pequeno,2001,10,2,,,
Gilbués,construção,2019-08-02,,ativa,me,2019,8,2,,,
Guadalupe,atividades administrativas,2008-06-01,,ativa,mei,2008,6,1,,,
Guaribas,atividades técnicas,2018-03-10,,ativa,pequeno,2018,3,10,,,
Hugo Napoleão,beleza,2021-05-17,,inativa,me,2021,5,17,,,
Ilha Grande,serviços,2013-11-26,2023-06-15,ativa,médio/grande,2013,11,26,2023.0,6.0,15.0
Inhuma,saúde,2022-11-10,,ativa,mei,2022,11,10,,,
Ipirá,comércio,2005-12-27,,inativa,pequeno,2005,12,27,,,
Isaías Coelho,comércio,2000-12-17,,ativa,médio/grande,2000,12,17,,,
Itainópolis,comércio,2004-03-13,2015-02-21,ativa,pequeno,2004,3,13,2015.0,2.0,21.0
Itaueira,atividades técnicas,2001-06-19,2019-06-04,ativa,médio/grande,2001,6,19,2019.0,6.0,4.0
Jacobina do Piauí,construção,2010-08-05,,ativa,mei,2010,8,5,,,
Jaicós,atividades administrativas,2002-07-19,,inativa,médio/grande,2002,7,19,,,
Jardim do Mulato,atividades administrativas,2016-02-18,,inativa,me,2016,2,18,,,
Jatobá do Piauí,atividades técnicas,2020-10-15,,ativa,médio/grande,2020,10,15,,,
Jerumenha,atividades técnicas,2014-09-15,,inativa,pequeno,2014,9,15,,,
João Costa,beleza,2009-11-16,,ativa,médio/grande,2009,11,16,,,
Joaquim Pires,construção,2009-02-08,,inativa,médio/grande,2009,2,8,,,
Joca Marques,saúde,2006-01-01,,inativa,me,2006,1,1,,,
José de Freitas,serviços,2013-10-25,,ativa,me,2013,10,25,,,
Juazeiro do Piauí,serviços,2008-11-23,,ativa,me,2008,11,23,,,
Júlio Borges,construção,2016-12-31,,ativa,mei,2016,12,31,,,
Jurema,beleza,2012-02-23,,inativa,mei,2012,2,23,,,
Lagoa Alegre,atividades administrativas,2007-02-16,,ativa,mei,2007,2,16,,,
Lagoa de São Francisco,construção,2009-06-11,2014-02-16,inativa,pequeno,2009,6,11,2014.0,2.0,16.0
